description,price,rating,review_count,url
"HP 15 (2021) Thin & Light Ryzen 3-3250 Laptop, 8 GB RAM, 1TB HDD, 38.1 cms (15"") FHD Screen, Windows 10, MS Office (15s-gr0011AU)",,,,https://www.amazon.in/gp/slredirect/picassoRedirect.html/ref=pa_sp_atf_aps_sr_pg1_1?ie=UTF8&adId=A07702242ABH5ZD2YENGL&url=%2FHP-3-3250-Laptop-Windows-15s-gr0011AU%2Fdp%2FB08T6SJ215%2Fref%3Dsr_1_1_sspa%3Fdchild%3D1%26keywords%3DHP%2BLaptops%26qid%3D1620033772%26sr%3D8-1-spons%26psc%3D1&qualifier=1620033772&id=651595403567992&widgetName=sp_atf
"HP 15 (2021) Thin & Light 11th Gen Core i5 Laptop, 8 GB RAM, 512GB SSD, 15.6-inch (39.62 cms) FHD Screen, Windows 10, MS Office, Built-in Alexa (15s-fq2535TU)",,,,https://www.amazon.in/gp/slredirect/picassoRedirect.html/ref=pa_sp_atf_aps_sr_pg1_1?ie=UTF8&adId=A01837343K0AJ0Z9YKN83&url=%2FHP-Laptop-15-6-inch-Windows-15s-fq2535TU%2Fdp%2FB08XNYN5QV%2Fref%3Dsr_1_2_sspa%3Fdchild%3D1%26keywords%3DHP%2BLaptops%26qid%3D1620033772%26sr%3D8-2-spons%26psc%3D1&qualifier=1620033772&id=651595403567992&widgetName=sp_atf
"HP 15 Entry Level 15.6-inch (39.62 cms) HD Laptop (AMD 3020e/4GB/1TB HDD/Windows 10 Home/Jet Black/1.74 Kg), 15s-gy0003AU",,,,https://www.amazon.in/HP-15-6-inch-Laptop-Windows-15s-gy0003AU/dp/B08RFTYKFZ/ref=sr_1_3?dchild=1&keywords=HP+Laptops&qid=1620033772&sr=8-3
"HP 15 (2021) Thin & Light Ryzen 3-3250 Laptop, 8 GB RAM, 1TB HDD, 38.1 cms (15"") FHD Screen, Windows 10, MS Office (15s-gr0011AU)",,,,https://www.amazon.in/HP-3-3250-Laptop-Windows-15s-gr0011AU/dp/B08T6SJ215/ref=sr_1_4?dchild=1&keywords=HP+Laptops&qid=1620033772&sr=8-4
"HP Notebook PC 245 G7 14"" (35.56cms) Laptop ATHLON-3050U/4GB/1TB/Windows 10 Home/ 1 Year Warranty (21Z04PA)",,,,https://www.amazon.in/HP-Notebook-245-G7-ATHLON-3050U/dp/B08TBVBKN5/ref=sr_1_5?dchild=1&keywords=HP+Laptops&qid=1620033772&sr=8-5
"HP 14 (2021) Thin & Light Intel Celeron N4500 Laptop with Alexa Built-in, 8GB RAM, 256GB SSD, 14-inch HD Screen, Windows 10, MS Office (14s-dq3017TU)",,,,https://www.amazon.in/HP-Celeron-14-inch-Windows-14s-dq3017TU/dp/B0928TF49H/ref=sr_1_6?dchild=1&keywords=HP+Laptops&qid=1620033772&sr=8-6
"HP 15 Intel Pentium Gold 6405U Processor Entry Level 15.6-inch (39.62 cms) FHD Laptop (4GB/1TB/Win 10/Jet Black/1.74kg), 15s-du1052tu",,,,https://www.amazon.in/HP-Pentium-Processor-15-6-inch-15s-du1052tu/dp/B08HJZHTM1/ref=sr_1_7?dchild=1&keywords=HP+Laptops&qid=1620033772&sr=8-7
"HP 15 Ryzen 3 4300U Processor 15.6-inch(39.6 cm) FHD Laptop (8GB/256GB/Windows 10/MS Office/Natural Silver/1.69Kg), 15s-ey1003AU",,,,https://www.amazon.in/HP-Processor-15-6-inch-Windows-15s-ey1003AU/dp/B092JKHHPZ/ref=sr_1_8?dchild=1&keywords=HP+Laptops&qid=1620033772&sr=8-8
"HP 15 AMD Athlon 15.6"" (39.62cms) HD Laptop (Silver-3050U/4GB/1TB/Win 10/MS Office/Jet Black/1.85kg), 15s-gy0001au",,,,https://www.amazon.in/HP-Athlon-15-6-inch-Silver-3050U-15s-gy0001au/dp/B08HJYFZ14/ref=sr_1_9?dchild=1&keywords=HP+Laptops&qid=1620033772&sr=8-9
"HP Chromebook 14a-na0003TU 14-inch (35.56 cms) Thin & Light Touchscreen Laptop (Intel N4020/4GB/64GB SSD + 256GB Expandable/Chrome OS/1.46 kgs Light), Mineral Silver",,,,https://www.amazon.in/HP-Chromebook-14a-na0003TU-Touchscreen-Expandable/dp/B08C5W6PL2/ref=sr_1_10?dchild=1&keywords=HP+Laptops&qid=1620033772&sr=8-10
"HP 14 10th Gen Intel Core i5 Processor 14"" (35.56cms) FHD Laptop with Built-in 4G LTE (8GB/256GB SSD + 1TB HDD/Windows 10/MS Office 2019/Natural Silver/1.51kg) 14s-er0003TU",,,,https://www.amazon.in/gp/slredirect/picassoRedirect.html/ref=pa_sp_mtf_aps_sr_pg1_1?ie=UTF8&adId=A0124594S4BM3N1QEW0J&url=%2FHP-Processor-14-inch-Windows-14s-er0003TU%2Fdp%2FB089P9JV71%2Fref%3Dsr_1_11_sspa%3Fdchild%3D1%26keywords%3DHP%2BLaptops%26qid%3D1620033772%26sr%3D8-11-spons%26psc%3D1&qualifier=1620033772&id=651595403567992&widgetName=sp_mtf
"HP 15 (2021) Thin & Light 11th Gen Core i3 Laptop, 8 GB RAM, 1TB HDD, 15.6-inch (39.62 cms) FHD Screen, Windows 10, MS Office",,,,https://www.amazon.in/gp/slredirect/picassoRedirect.html/ref=pa_sp_mtf_aps_sr_pg1_1?ie=UTF8&adId=A07700681DFM3G5HLBONK&url=%2FHP-Laptop-15-6-inch-Screen-Windows%2Fdp%2FB08XY3843B%2Fref%3Dsr_1_12_sspa%3Fdchild%3D1%26keywords%3DHP%2BLaptops%26qid%3D1620033772%26sr%3D8-12-spons%26psc%3D1&qualifier=1620033772&id=651595403567992&widgetName=sp_mtf
"HP 15 Ryzen 5 Processor 15.6-inch(39.6 cm) FHD Laptop (8GB/512GB SSD/Windows 10/Vega 8 Graphics/MS Office/Natural Silver/1.69Kg), 15s-eq0500AU",,,,https://www.amazon.in/HP-Processor-15-6-inch-Graphics-15s-eq0500AU/dp/B0928T2WQG/ref=sr_1_13?dchild=1&keywords=HP+Laptops&qid=1620033772&sr=8-13
"HP 14 11th Gen Intel Core i5 Processor 15.6-inch(39.6 cm) FHD Laptop (8GB/512GB SSD/Windows 10/MS Office/Natural Silver/1.46Kg), 14s-dq2535TU",,,,https://www.amazon.in/HP-Processor-15-6-inch-Windows-14s-dq2535TU/dp/B0928NL6F3/ref=sr_1_14?dchild=1&keywords=HP+Laptops&qid=1620033772&sr=8-14
"HP Chromebook 14a-na0002TU Laptop (Celeron N4020/4GB/64GB SSD/Chrome OS/Integrated Graphics), Ceremic White, 35.6 cm (14 inch)",,,,https://www.amazon.in/HP-Chromebook-14a-na0002TU-Integrated-Graphics/dp/B08C5WLK3P/ref=sr_1_15?dchild=1&keywords=HP+Laptops&qid=1620033772&sr=8-15
"HP 15 Thin & Light Ryzen 3-3250 Laptop, 4 GB RAM, 1TB HDD, 38.1 cms (15"") FHD Screen, Windows 10, MS Office (15s-gr0006au)",,,,https://www.amazon.in/HP-db1060au-Laptop-Ryzen3-Microsoft-Natural/dp/B083SNGBLF/ref=sr_1_16?dchild=1&keywords=HP+Laptops&qid=1620033772&sr=8-16
"HP 14 Laptop 14"" (35.56cms) (Ryzen 5 3500U/8GB/1TB HDD + 256GB SSD/Win 10/Microsoft Office 2019/Radeon Vega 8 Graphics), DK0093AU",,,,https://www.amazon.in/HP-14-DK0093AU-14-inch-Graphics/dp/B07THW9WFM/ref=sr_1_17?dchild=1&keywords=HP+Laptops&qid=1620033772&sr=8-17
"HP 15 db1069AU 15.6"" (39.62cms) ) Laptop (3rd Gen Ryzen 3 3200U/4GB/1TB HDD/Windows 10/MS Office/Radeon Vega 3 Graphics), Jet Black",,,,https://www.amazon.in/HP-db1069AU-15-6-inch-Windows-Graphics/dp/B083RD58F6/ref=sr_1_18?dchild=1&keywords=HP+Laptops&qid=1620033772&sr=8-18
"HP Chromebook x360 Intel Celeron N4020 Processor 12-inch (30.48 cms) Touchscreen Laptop (Celeron N4020/4GB/64GB SSD/Chrome OS/Integrated Graphics/Natural Silver), 12b-ca0010TU",,,,https://www.amazon.in/HP-Chromebook-12b-ca0010TU-Touchscreen-Integrated/dp/B08C5WSTR6/ref=sr_1_19?dchild=1&keywords=HP+Laptops&qid=1620033772&sr=8-19
"HP 14 4th Gen Ryzen 5 5500U 14-inch(35.6 cm) FHD Laptop with Alexa Built-in(8GB/512GB SSD/Windows 10/MS Office/Natural Silver/1.46Kg), 14s-fq1030AU",,,,https://www.amazon.in/HP-14-inch-Windows-Natural-14s-fq1030AU/dp/B0928TPR8H/ref=sr_1_20?dchild=1&keywords=HP+Laptops&qid=1620033772&sr=8-20
"HP 14 Ultra Thin & Light 14"" (35.56cms) Laptop (10th Gen i3-1005G1/8GB/256GB SSD/Win 10 Home/MS Office/1.47 Kg/Jet Black), 14s-cf3074TU",,,,https://www.amazon.in/gp/slredirect/picassoRedirect.html/ref=pa_sp_btf_aps_sr_pg1_1?ie=UTF8&adId=A0602739TGSM32UMC9J0&url=%2FHP-14-inch-Laptop-i3-1005G1-14s-cf3074TU%2Fdp%2FB08G24RGKS%2Fref%3Dsr_1_21_sspa%3Fdchild%3D1%26keywords%3DHP%2BLaptops%26qid%3D1620033772%26sr%3D8-21-spons%26psc%3D1&qualifier=1620033772&id=651595403567992&widgetName=sp_btf
(Renewed) Fujitsu A573 Lifebook with Numeric Keypad Laptop (Intel Core i5 3340m /4 GB/320 GB HDD/Windows 10 / NO Webcam / HDMI / 4 USB/15.6 Inch Screen),,,,https://www.amazon.in/gp/slredirect/picassoRedirect.html/ref=pa_sp_btf_aps_sr_pg1_1?ie=UTF8&adId=A04877622ZVCP3YEG3QAV&url=%2FRenewed-Fujitsu-Lifebook-Numeric-Windows%2Fdp%2FB091B6K2ZM%2Fref%3Dsr_1_22_sspa%3Fdchild%3D1%26keywords%3DHP%2BLaptops%26qid%3D1620033772%26sr%3D8-22-spons%26psc%3D1&qualifier=1620033772&id=651595403567992&widgetName=sp_btf
"HP 15s Thin and Light Laptop (Intel Celeron N4020/4GB/1TB HDD/Windows 10 Home), du1044tu",,,,https://www.amazon.in/gp/slredirect/picassoRedirect.html/ref=pa_sp_atf_next_aps_sr_pg2_1?ie=UTF8&adId=A01039941K8YBK21FW9FZ&url=%2FHP-Laptop-Celeron-Windows-du1044tu%2Fdp%2FB08D6M1Y6D%2Fref%3Dsr_1_17_sspa%3Fdchild%3D1%26keywords%3DHP%2BLaptops%26qid%3D1620033778%26sr%3D8-17-spons%26psc%3D1&qualifier=1620033778&id=2529710485837874&widgetName=sp_atf_next
"MSI Bravo 15 Ryzen 7 4800H 15.6"" (39.62cms) FHD Gaming Laptop (16GB/512GB SSD/144 Hz/Windows 10/ RX5500M,GDDR6 4GB/Black/1.86 kg), A4DDR-212IN",,,,https://www.amazon.in/gp/slredirect/picassoRedirect.html/ref=pa_sp_atf_next_aps_sr_pg2_1?ie=UTF8&adId=A05782712NHDFYHUFUI3Q&url=%2FMSI-Gaming-Windows-RX5500M-A4DDR-212IN%2Fdp%2FB08GYH6HKN%2Fref%3Dsr_1_18_sspa%3Fdchild%3D1%26keywords%3DHP%2BLaptops%26qid%3D1620033778%26sr%3D8-18-spons%26psc%3D1&qualifier=1620033778&id=2529710485837874&widgetName=sp_atf_next
"HP 15 (2021) Thin & Light Ryzen 3-3250 Laptop, 8 GB RAM, 1TB HDD + 256GB SSD, 15"" (38.1 cms) FHD Screen, Windows 10, MS Office (15s-gr0012AU)",,,,https://www.amazon.in/HP-3-3250-Laptop-Windows-15s-gr0012AU/dp/B08T6THSMQ/ref=sr_1_19?dchild=1&keywords=HP+Laptops&qid=1620033778&sr=8-19
"HP 245 G7 Laptop 2D8C6PA (AMD Ryzen 3-3300U/4GB Ram/ 1TB HDD/ 14"" (35.56cms) HD /Windows-10/AMD Radeon Vega 6 Graphics/ Dark Ash Silver/1.52Kg)",,,,https://www.amazon.in/HP-2D8C6PA-3-3300U-Windows-10-Graphics/dp/B08KJ92N9V/ref=sr_1_20?dchild=1&keywords=HP+Laptops&qid=1620033778&sr=8-20
"HP 15 Thin & Light 15.6"" (39.62cms) FHD Laptop (11th Gen Intel Core i5-1135G7, 8GB DDR4, 256GB SSD + 1TB HDD, Win 10 Home, MS Office, 2GB MX350 Graphics, FPR, Natural Silver, 1.76 Kg), 15s-du3047TX",,,,https://www.amazon.in/HP-39-62cms-i5-1135G7-Graphics-15s-du3047TX/dp/B08PPZG85B/ref=sr_1_21?dchild=1&keywords=HP+Laptops&qid=1620033778&sr=8-21
"HP 15 (2021) Thin & Light 11th Gen Core i5 Laptop, 8 GB RAM, 512GB SSD, 15.6-inch (39.62 cms) FHD Screen, Windows 10, MS Office, Built-in Alexa (15s-fq2535TU)",,,,https://www.amazon.in/HP-Laptop-15-6-inch-Windows-15s-fq2535TU/dp/B08XNYN5QV/ref=sr_1_22?dchild=1&keywords=HP+Laptops&qid=1620033778&sr=8-22
"HP 14 10th Gen Intel Core i3 14"" (35.56cms) FHD Laptop (8 GB, 1 TB HDD + 256 GB SSD, Windows 10 Home, MS Office, Natural Silver, 1.51 kg), 14s-cf3028TU",,,,https://www.amazon.in/HP-35-56cms-Windows-Natural-14s-cf3028TU/dp/B08QSVVC7W/ref=sr_1_23?dchild=1&keywords=HP+Laptops&qid=1620033778&sr=8-23
"HP Pavilion x360 Touchscreen 2-in-1 FHD 14-inch (35.56 cms) Laptop (10th Gen Core i3-10110U/8GB/512GB SSD/Win 10/MS Office/Mineral Silver/1.58 kg), 14-dh1178tu",,,,https://www.amazon.in/HP-Pavilion-Touchscreen-i3-10110U-14-dh1178tu/dp/B08GD95H1N/ref=sr_1_24?dchild=1&keywords=HP+Laptops&qid=1620033778&sr=8-24
"HP 15 10th Gen Intel Core i3 Processor 15.6-inch(39.6 cm) FHD Laptop (8GB/256GB SSD+1TB HDD/Windows 10/MS Office/Jet Black/1.74Kg), 15s-du1064TU",,,,https://www.amazon.in/HP-15-6-inch-Laptop-i3-10110U-15s-du1064TU/dp/B08HJZLW96/ref=sr_1_25?dchild=1&keywords=HP+Laptops&qid=1620033778&sr=8-25
"HP 15 11th Gen Intel Core i3 Processor 15.6-inch FHD Laptop with Alexa Built-in(8GB/512GB SSD/Win 10/MS Office/Jet Black/1.69 Kg), 15s-fq2072TU",,,,https://www.amazon.in/HP-Processor-15-6-inch-Laptop-15s-fq2072TU/dp/B08WHML7F1/ref=sr_1_26?dchild=1&keywords=HP+Laptops&qid=1620033778&sr=8-26
"Acer Swift 3 10 Gen Core i5 14-inch Ultra Thin and Light (8GB/512GB SSD/Windows 10/2GB Graphics/Steel Grey/1.19 kg), SF314-57G",,,,https://www.amazon.in/gp/slredirect/picassoRedirect.html/ref=pa_sp_mtf_aps_sr_pg2_1?ie=UTF8&adId=A05692533864WGT9PSJ3G&url=%2FAcer-SF314-57G-i5-1035G1-processor-Thunderbolt%2Fdp%2FB07Z88C1ZR%2Fref%3Dsr_1_27_sspa%3Fdchild%3D1%26keywords%3DHP%2BLaptops%26qid%3D1620033778%26sr%3D8-27-spons%26psc%3D1%26smid%3DA2W4R6KXCY4TRS&qualifier=1620033778&id=2529710485837874&widgetName=sp_mtf
"Lenovo Legion Y540 Intel Core i5 9th Gen 15.6"" (39.62cms) FHD Gaming Laptop (8GB/1TB + 256 GB SSD/Windows 10/4GB GTX 1650 Graphics/Black/2.3Kg), 81SY00SNIN",,,,https://www.amazon.in/gp/slredirect/picassoRedirect.html/ref=pa_sp_mtf_aps_sr_pg2_1?ie=UTF8&adId=A05068263ADN3HFUMCR18&url=%2FLenovo-Legion-Windows-Graphics-81SY00SNIN%2Fdp%2FB087D4X9JG%2Fref%3Dsr_1_28_sspa%3Fdchild%3D1%26keywords%3DHP%2BLaptops%26qid%3D1620033778%26sr%3D8-28-spons%26psc%3D1&qualifier=1620033778&id=2529710485837874&widgetName=sp_mtf
"HP 14 10th Gen Core i3 14"" (35.56cms) Laptop with 4G (LTE), 8GB RAM, 1TB HDD, 14"" (35.56cms) FHD Screen, Windows 10, MS Office(14s-er0004TU)",,,,https://www.amazon.in/HP-14-inch-i3-1005G1-Natural-14s-er0004TU/dp/B08HHB9Q2M/ref=sr_1_29?dchild=1&keywords=HP+Laptops&qid=1620033778&sr=8-29
"HP 14 Ultra Thin & Light 14"" (35.56cms) Laptop (10th Gen i3-1005G1/8GB/256GB SSD/Win 10 Home/MS Office/1.47 Kg/Jet Black), 14s-cf3074TU",,,,https://www.amazon.in/HP-14-inch-Laptop-i3-1005G1-14s-cf3074TU/dp/B08G24RGKS/ref=sr_1_30?dchild=1&keywords=HP+Laptops&qid=1620033778&sr=8-30
"HP 245 G7 14"" (35.56cms) Laptop (AMD Ryzen 5-3500U/4GB/ 1TB HDD/DOS/Vega 8 Graphics/Jet Black/1.52Kg), 2D5Y6PA",,,,https://www.amazon.in/HP-14-inch-5-3500U-Graphics-2D5Y6PA/dp/B08L3JR736/ref=sr_1_32?dchild=1&keywords=HP+Laptops&qid=1620033778&sr=8-32
"HP 15 11th Gen Intel Core i3 Processor 15.6"" (39.62cms) FHD Laptop (8GB/512GB SSD/Win 10/MS Offce/Integrated Graphics/Natural Silver/1.69 Kg), 15s-fr2006TU",,,,https://www.amazon.in/HP-Processor-39-62cms-Integrated-15s-fr2006TU/dp/B08XNYH4LX/ref=sr_1_33?dchild=1&keywords=HP+Laptops&qid=1620033778&sr=8-33
"HP 15 11th Gen Intel Core i3 Thin & Light 15.6-inch (39.62 cms) FHD Laptop (4GB DDR4/1TB HDD/M.2 Slot/Windows 10 Home/MS Office/Jet Black/1.76 Kg), 15s-du3053TU",,,,https://www.amazon.in/HP-15-6-inch-Laptop-Windows-15s-du3053TU/dp/B08W2X72V2/ref=sr_1_34?dchild=1&keywords=HP+Laptops&qid=1620033778&sr=8-34
"HP 15 (2021) Thin & Light 11th Gen Core i3 Laptop, 8 GB RAM, 1TB HDD, 15.6-inch (39.62 cms) FHD Screen, Windows 10, MS Office",,,,https://www.amazon.in/HP-Laptop-15-6-inch-Screen-Windows/dp/B08XY3843B/ref=sr_1_35?dchild=1&keywords=HP+Laptops&qid=1620033778&sr=8-35
"HP Chromebook 11.6-inch Thin & Light Touchscreen Laptop (MediaTek MT8183/4GB/64GB eMMC/Chrome OS/1.07 kgs/Indigo Blue), 11a-na0002MU",,,,https://www.amazon.in/HP-Chromebook-11-6-inch-Touchscreen-11a-na0002MU/dp/B08WPNPTDD/ref=sr_1_36?dchild=1&keywords=HP+Laptops&qid=1620033778&sr=8-36
"HP 14 Ryzen 3 4300U Processor 14-inch(35.6 cm) FHD Laptop (8GB/512GB/Windows 10/MS Office/Natural Silver/1.46Kg), 14s-fr0016AU",,,,https://www.amazon.in/HP-Processor-14-inch-Windows-14s-fr0016AU/dp/B092JJ5LLR/ref=sr_1_33?dchild=1&keywords=HP+Laptops&qid=1620033783&sr=8-33
"HP Pavilion Gaming 15.6-inch (39.62 cms) FHD Gaming Laptop (Ryzen 5-3550H/8GB/1TB HDD/Windows 10/NVIDIA GTX 1650 4GB/Shadow Black/2.25 kg), 15-ec0100AX",,,,https://www.amazon.in/HP-Pavilion-15-6-inch-5-3550H-15-ec0100AX/dp/B08CYZM4Y3/ref=sr_1_34?dchild=1&keywords=HP+Laptops&qid=1620033783&sr=8-34
"HP Pavilion x360 (2021) 14"" (35.56cms) FHD Touchscreen Laptop, 11th Gen Core i3, 8 GB RAM, 512GB SSD, 2-in-1 Convertible, Windows 10, MS Office, Finger Print Reader (14-dw1037TU)",,,,https://www.amazon.in/HP-Pavilion-Touchscreen-Convertible-14-dw1037TU/dp/B08SRC4JMD/ref=sr_1_35?dchild=1&keywords=HP+Laptops&qid=1620033783&sr=8-35
"HP 14 Ultra Thin & Light 14-inch Laptop (10th Gen i3-1005G1/8GB/256GB SSD/Win 10 Home/MS Office/1.47 Kg/Jet Black), 14s-cf3074TU and Bag Combo",,,,https://www.amazon.in/HP-14-inch-Laptop-i3-1005G1-14s-cf3074TU/dp/B08LBJPF9M/ref=sr_1_36?dchild=1&keywords=HP+Laptops&qid=1620033783&sr=8-36
"HP Pavilion x360 (2021) 14"" (35.56cms) FHD Touchscreen Laptop, 11th Gen Core i5, 8 GB RAM, 512GB SSD, 2-in-1 Convertible, Windows 10, MS Office, Finger Print Reader (14-dw1038TU)",,,,https://www.amazon.in/HP-Pavilion-Touchscreen-Convertible-14-dw1038TU/dp/B08R13XHKZ/ref=sr_1_37?dchild=1&keywords=HP+Laptops&qid=1620033783&sr=8-37
"HP 15 (2021) Thin & Light 11th Gen Core i5 Laptop, Iris Xe Graphics, 8 GB RAM, 1TB SSD, 15"" (38.1 cms) FHD Screen, Windows 10, MS Office, Alexa Built-in (15s-fr2005tu)",,,,https://www.amazon.in/HP-Laptop-Graphics-Windows-15s-fr2005tu/dp/B08P8JCWM2/ref=sr_1_40?dchild=1&keywords=HP+Laptops&qid=1620033783&sr=8-40
"HP 245 G7 AMD Ryzen 5 - 3500U 14 inch (35.56 cms) Laptop (8GB RAM/1TB HDD/Windows 10 /Radeon Vega 8 Graphics/NO ODD) 2D5X7PA (1.52kg,Dark ash Silver)",,,,https://www.amazon.in/HP-245-G7-AMD-Ryzen/dp/B08KQGQYRC/ref=sr_1_41?dchild=1&keywords=HP+Laptops&qid=1620033783&sr=8-41
(Renewed) HP ProBook 430 G1 Laptop (CORE I5 4TH GEN/4GB/320GB/WEBCAM/13.3''/Windows 10 Home),,,,https://www.amazon.in/Renewed-HP-ProBook-430-G1/dp/B08XVX4QZJ/ref=sr_1_42?dchild=1&keywords=HP+Laptops&qid=1620033783&sr=8-42
"HP Pavilion x360 (2021) 14"" (35.56cms) FHD Touchscreen Laptop, 11th Gen Core i7, 8 GB RAM, 512GB SSD, 2-in-1 Convertible, Windows 10, MS Office, Finger Print Reader (14-dw1040TU)",,,,https://www.amazon.in/HP-Pavilion-Touchscreen-Convertible-14-dw1040TU/dp/B08R843NHL/ref=sr_1_43?dchild=1&keywords=HP+Laptops&qid=1620033783&sr=8-43
"HP Pavilion Gaming 10th Gen Intel Core i7 Processor 15.6-inch FHD Gaming Laptop (16GB/512GB SSD + 32GB Intel Optane/Windows 10/NVIDIA 1650 4GB/Shadow Black), 15-dk1151TX",,,,https://www.amazon.in/HP-Pavilion-Processor-15-6-inch-15-dk1151TX/dp/B08ZN5S446/ref=sr_1_44?dchild=1&keywords=HP+Laptops&qid=1620033783&sr=8-44
"HP Envy x360 Convertible Touchscreen 13.3-inch FHD Laptop (3rd Gen Ryzen 7 4700U/16GB/512GB SSD/Win 10/MS Office/Night Fall Black/1.32kg), 13-ay0046AU",,,,https://www.amazon.in/HP-Convertible-Touchscreen-13-3-inch-13-ay0046AU/dp/B08L84H8WS/ref=sr_1_45?dchild=1&keywords=HP+Laptops&qid=1620033783&sr=8-45
"HP 14 10th Gen Intel Core i5 Processor 14"" (35.56cms) FHD Laptop with Built-in 4G LTE (8GB/256GB SSD + 1TB HDD/Windows 10/MS Office 2019/Natural Silver/1.51kg) 14s-er0003TU",,,,https://www.amazon.in/HP-Processor-14-inch-Windows-14s-er0003TU/dp/B089P9JV71/ref=sr_1_46?dchild=1&keywords=HP+Laptops&qid=1620033783&sr=8-46
"HP 15 Thin & Light 15.6""(39.62cms) FHD Laptop (11th Gen Intel Core i5-1135G7, 8GB DDR4, 1TB HDD, Windows 10 Home, MS Office, Integrated Graphics, FPR, Natural Silver, 1.76 Kg), 15s-du3032TU",,,,https://www.amazon.in/HP-39-62cms-i5-1135G7-Integrated-15s-du3032TU/dp/B08PQPRD69/ref=sr_1_47?dchild=1&keywords=HP+Laptops&qid=1620033783&sr=8-47
"HP Envy x360 Convertible Touchscreen 13.3"" (33.78 cms) FHD Laptop (11th Gen Intel Core i5-1135G7/8GB/512GB SSD/Win 10 Home/Alexa Built-in/Pale Gold/1.32kg), 13-bd0004TU",,,,https://www.amazon.in/HP-Convertible-Touchscreen-i5-1135G7-13-bd0004TU/dp/B08QSPS774/ref=sr_1_48?dchild=1&keywords=HP+Laptops&qid=1620033783&sr=8-48
"HP 15 Intel Pentium Gold 6405U Processor Entry Level 15.6"" (39.62cms) FHD Laptop (4GB/1TB/Win 10/Jet Black/1.74kg), 15s-du1052tuMicrosoft 365 Personal-One Year Subscription Included",,,,https://www.amazon.in/HP-Processor-15s-du1052tuMicrosoft-Personal-One-Subscription/dp/B08WQFTM4W/ref=sr_1_49?dchild=1&keywords=HP+Laptops&qid=1620033789&sr=8-49
"HP Pavilion 13 11th Gen Intel Core i5 13.3"" (33.78 cms) Ultra Thin FHD Laptop (16GB/512GB SSD/Win10/MS Office/Alexa Built-in/Natural Silver/1.24 Kg), 13-bb0075TU",,,,https://www.amazon.in/HP-Pavilion-Laptop-Natural-13-bb0075TU/dp/B08V5WLM62/ref=sr_1_50?dchild=1&keywords=HP+Laptops&qid=1620033789&sr=8-50
"HP 15 db1059au  15.6"" (39.62cms) Laptop (Ryzen 3 3200U/4GB/1TB HDD/Win 10/MS Office 2019/AMD Radeon Vega 3 Graphics), Natural Silver",,,,https://www.amazon.in/HP-db1059au-15-6-inch-Graphics-Natural/dp/B085YCHVKG/ref=sr_1_51?dchild=1&keywords=HP+Laptops&qid=1620033789&sr=8-51
"HP Pavilion x360 14-inch FHD Touchscreen Convertible Laptop with 4G LTE (Intel Core i5-1135G7/8GB/512GB SSD/Win 10/MS Office 2019/Inking Pen/FPR/Natural Silver/1.61kg), 14-dw1039TU",,,,https://www.amazon.in/HP-Touchscreen-Convertible-i5-1135G7-14-dw1039TU/dp/B08SRJ4RGQ/ref=sr_1_52?dchild=1&keywords=HP+Laptops&qid=1620033789&sr=8-52
"HP Pavilion x360 Touchscreen 2-in-1 FHD Laptop 14"" (35.56cms) Laptop (10th Gen Core i5-10210U/8GB/512GB SSD/Win 10/MS Office/Mineral Silver/1.58 kg), 14-dh1179tu",,,,https://www.amazon.in/HP-Pavilion-Touchscreen-i5-10210U-14-dh1179tu/dp/B08GD9QM9B/ref=sr_1_53?dchild=1&keywords=HP+Laptops&qid=1620033789&sr=8-53
"HP Pavilion x360 (2021) 14"" (35.56cms) FHD Touchscreen Laptop, 11th Gen Core i3, 8 GB RAM, 256GB SSD, 2-in-1 Convertible, Windows 10, MS Office, Finger Print Reader (14-dw1036TU)",,,,https://www.amazon.in/HP-Pavilion-Touchscreen-Convertible-14-dw1036TU/dp/B08SRDW9ZT/ref=sr_1_54?dchild=1&keywords=HP+Laptops&qid=1620033789&sr=8-54
"HP Pavilion 10th Gen Intel Core i5 14"" (35.56cms) FHD Laptop(8GB/256GB SSD + 1TB HDD/Win10/MS Office/Natural Silver/1.59 Kg), 14-ce3065tu",,,,https://www.amazon.in/HP-Pavilion-14-Inch-Natural-14-ce3065tu/dp/B08GLC2NDM/ref=sr_1_55?dchild=1&keywords=HP+Laptops&qid=1620033789&sr=8-55
HP 250 G8 Laptop 3Y666PA (11th Gen Intel Core i3-1115G4/ 4GB Ram/ 1TB HDD/15.6 inch HD/Windows 10/Intel UHD Graphics/ Dark Ash Silver/1.74Kg),,,,https://www.amazon.in/HP-3Y666PA-i3-1115G4-Windows-Graphics/dp/B0913DBMV8/ref=sr_1_56?dchild=1&keywords=HP+Laptops&qid=1620033789&sr=8-56
"(Renewed) HP Probook 6570b-i5-4 GB-320 GB 15.6-inch Laptop (3rd Gen Core i5/4GB/320GB/Windows 7/Integrated Graphics), Copper",,,,https://www.amazon.in/HP-6570b-i5-4-GB-320-GB-Integrated/dp/B07PM6MDJ8/ref=sr_1_57?dchild=1&keywords=HP+Laptops&qid=1620033789&sr=8-57
"OMEN by HP Gaming Laptop, Ryzen 5-4600H, 8 GB DDR6 RAM, 4GB NVIDIA 1650ti Graphics, 512 GB SSD, 15.6""(39.62cms) FHD Screen, Windows 10 with Advanced Thermal Management, 15-en0001AX",,,,https://www.amazon.in/HP-15-6-inch-5-4600H-Windows-15-en0001AX/dp/B08CGKP829/ref=sr_1_58?dchild=1&keywords=HP+Laptops&qid=1620033789&sr=8-58
HP 255 G8 Laptop 3K1G7PA (AMD Ryzen 5-3500U/ 8GB Ram/ 1TB HDD/15.6 inch HD/DOS/AMD Radeon Vega 8 Graphics/ Dark Ash Silver/1.74Kg),,,,https://www.amazon.in/HP-Laptop-3K1G7PA-5-3500U-Graphics/dp/B091TWZF2Y/ref=sr_1_60?dchild=1&keywords=HP+Laptops&qid=1620033789&sr=8-60
"HP Pavilion Gaming 9th Gen Intel Core i5 Processor 15.6-inch (39.62 cms) Laptop (Core i5-9300H/8GB/512GB SSD/Windows 10 Home/4GB NVIDIA GeForce GTX 1650 Graphics/Shadow Black), 15-dk0268tx",,,,https://www.amazon.in/HP-Pavilion-DK0268TX-15-6-inch-i5-9300H/dp/B08CHYPLGM/ref=sr_1_61?dchild=1&keywords=HP+Laptops&qid=1620033789&sr=8-61
"HP Pavilion Gaming 15.6-inch (39.62 cms) FHD Gaming Laptop (Ryzen 5-4600H/8GB/512GB SSD/Windows 10/144Hz/NVIDIA GTX 1650ti 4GB/Shadow Black), 15-ec1051AX",,,,https://www.amazon.in/HP-Pavilion-15-6-inch-5-4600H-15-ec1051AX/dp/B08CYTHY92/ref=sr_1_62?dchild=1&keywords=HP+Laptops&qid=1620033789&sr=8-62
"HP Pavilion x360 core i5 10th Gen 14 inch (35.56 cms) FHD Touchscreen Laptop with Alexa Built-in (8GB/512GB SSD/Windows 10/MS Office 2019/Finger Print Reader/4G LTE/Natural Silver/1.61kg), 14-dw0069tu",,,,https://www.amazon.in/HP-Pavilion-Touchscreen-Windows-14-dw0069tu/dp/B08C5VYGPF/ref=sr_1_64?dchild=1&keywords=HP+Laptops&qid=1620033789&sr=8-64
"HP Pavilion Gaming DK0268TX 15.6-inch Laptop (Core i5-9300H/8GB/512GB SSD/Windows 10 Home/4GB NVIDIA GeForce GTX 1650 Graphics), Shadow Black and Bag Combo",,,,https://www.amazon.in/HP-Pavilion-DK0268TX-15-6-inch-i5-9300H/dp/B08LBDMZNS/ref=sr_1_65?dchild=1&keywords=HP+Laptops&qid=1620033795&sr=8-65
"HP 15 11th Gen Intel Core i5 Processor 15.6-inch(39.6 cm) FHD Laptop with Alexa Built-in(8GB/512GB SSD/Windows 10/2GB MX350 Graphics/Natural Silver/1.75Kg), 15s-dr3500TX",,,,https://www.amazon.in/HP-Processor-15-6-inch-Graphics-15s-dr3500TX/dp/B0928T6QM3/ref=sr_1_66?dchild=1&keywords=HP+Laptops&qid=1620033795&sr=8-66
"HP Pavilion x360 Core i3 Touchscreen 14-inch (35.56 cms) FHD Laptop (i3-10110U/8GB/256GB SSD/Win 10/MS Office/Mineral Silver/1.6kg), 14-dh1181tu",,,,https://www.amazon.in/HP-Pavilion-Touchscreen-i3-10110U-14-dh1181tu/dp/B08HK11NCJ/ref=sr_1_67?dchild=1&keywords=HP+Laptops&qid=1620033795&sr=8-67
"HP 245 G7 14-inch Business Laptop (Ryzen 5 3500U/4GB/256GB SSD/DOS/Jet Black/1.85kg), 2D5Y7PA",,,,https://www.amazon.in/HP-14-inch-Business-Laptop-2D5Y7PA/dp/B08L8WTZ4K/ref=sr_1_68?dchild=1&keywords=HP+Laptops&qid=1620033795&sr=8-68
"HP Envy 13.3"" (33.78 cms) Touchscreen FHD Laptop (10th Gen i5-1035G1/8GB/512GB SSD/Windows 10/MS Office/Natural Silver/1.3 Kg), 13-ba0003TU",,,,https://www.amazon.in/HP-13-3-inch-Touchscreen-i5-1035G1-13-ba0003TU/dp/B08D5CM9B8/ref=sr_1_72?dchild=1&keywords=HP+Laptops&qid=1620033795&sr=8-72
(Renewed) HP ProBook 650 G2 Laptop (CORE I5 6TH GEN/8GB/500GB/WEBCAM/15.6''/Win 10 Pro),,,,https://www.amazon.in/Renewed-HP-ProBook-650-Laptop/dp/B0919MB9FB/ref=sr_1_73?dchild=1&keywords=HP+Laptops&qid=1620033795&sr=8-73
(Renewed) HP Elitebook Folio 1040 G2 Laptop (Core I5 5th Gen/4GB/256GB SSD/Webcam/14'' No Touch/DOS),,,,https://www.amazon.in/Renewed-Elitebook-1040-G2-Laptop-Webcam/dp/B08S44ZMRT/ref=sr_1_74?dchild=1&keywords=HP+Laptops&qid=1620033795&sr=8-74
"HP Chromebook x360 10th Gen Intel Core i3 14"" (35.56cms) Laptop (i3-10110U/4GB/64GB SSD/Chrome OS/Integrated Graphics, Mineral Silver), 14c-ca0004TU",,,,https://www.amazon.in/HP-Chromebook-14c-ca0004TU-i3-10110U-Integrated/dp/B08C5XXX44/ref=sr_1_75?dchild=1&keywords=HP+Laptops&qid=1620033795&sr=8-75
(Renewed) HP EliteBook X360 1030 G2 Laptop (CORE I7 7TH GEN/8GB/512GB SSD/WEBCAM/13.3'' TOUCH/Win 10 Pro)(2-IN-1 CONVERTIBLE),,,,https://www.amazon.in/HP-EliteBook-X360-1030-CONVERTIBLE/dp/B0919GHZMN/ref=sr_1_76?dchild=1&keywords=HP+Laptops&qid=1620033795&sr=8-76
"HP 15 Intel Core i5 15.6"" (39.62cms) FHD Laptop (i5-8265U/8GB/1TB/Win 10/MS Office/Fingerprint Reader/Natural Silver/1.74kg), 15s-du0051TU",,,,https://www.amazon.in/HP-15-6-inch-i5-8265U-Fingerprint-15s-du0051TU/dp/B07QNM6MFH/ref=sr_1_77?dchild=1&keywords=HP+Laptops&qid=1620033795&sr=8-77
"HP Elitebook X360 1030 G4 13.3-inch Laptop (8th Gen Core i5-8265U/8GB/512GB SSD/Windows 10 Pro/Intel UHD 620 Graphics), Silver",,,,https://www.amazon.in/HP-Elitebook-1030-G4-13-3-inch/dp/B08826RCYZ/ref=sr_1_78?dchild=1&keywords=HP+Laptops&qid=1620033795&sr=8-78
"(Renewed) HP Probook 6570b-i5-4 GB-120 GB 15.6-inch Laptop (3rd Gen Core i5/4GB/120GB SSD/Windows 7/Integrated Graphics), Copper",,,,https://www.amazon.in/HP-6570b-i5-4-GB-120-GB-Integrated/dp/B07PQFJHYY/ref=sr_1_79?dchild=1&keywords=HP+Laptops&qid=1620033795&sr=8-79
"HP 250 G7 10th Gen Intel Core i5 Processor 15.6-inch Laptop (8GB/1TB HDD/DOS/2GB NVIDIA GeForce MX110 Graphics/Black), (1S5G0PA)",,,,https://www.amazon.in/HP-250-G7-Processor-1S5G0PA/dp/B08KSD4WKK/ref=sr_1_80?dchild=1&keywords=HP+Laptops&qid=1620033795&sr=8-80
"(Renewed) HP ProBook 430 G2 Laptop (CORE I5 4TH GEN/4GB/320GB/WEBCAM/13.3""/Windows 10 Home)",,,,https://www.amazon.in/Renewed-HP-ProBook-430-G2/dp/B08XWMZL5W/ref=sr_1_81?dchild=1&keywords=HP+Laptops&qid=1620033799&sr=8-81
"HP Pavilion Gaming Laptop, Ryzen 5-4600H 15.6""(39.62cms) 144 Hz FHD Screen, 8 GB RAM, 4 GB NVIDIA 1650ti Graphics, 1TB HDD + 256GB SSD GB SSD, Windows 10 with Advanced Thermal Management, 15-ec1050AX",,,,https://www.amazon.in/HP-Pavilion-15-6-inch-5-4600H-15-ec1050AX/dp/B08CZ2KNS6/ref=sr_1_82?dchild=1&keywords=HP+Laptops&qid=1620033799&sr=8-82
"HP Envy x360 Convertible Touchscreen 13.3-inch (33.78 cms) FHD Laptop (3rd Gen Ryzen 5 4500U/8GB/512GB SSD/Win 10 Home/Night Fall Black/1.32kg), 13-ay0045AU",,,,https://www.amazon.in/HP-Convertible-Touchscreen-13-3-inch-13-ay0045AU/dp/B08D5F4B6M/ref=sr_1_83?dchild=1&keywords=HP+Laptops&qid=1620033799&sr=8-83
"HP 14s core i5 10th Gen 14"" (35.56cms) FHD Laptop (8 GB/256 GB SSD/1TB HDD/Windows 10/MS Office 2019/Natural Silver /1.43kg) 14s-cr2000tu",,,,https://www.amazon.in/HP-Laptop-Windows-Natural-14s-cr2000tu/dp/B08428CSZF/ref=sr_1_84?dchild=1&keywords=HP+Laptops&qid=1620033799&sr=8-84
"(Renewed) HP ProBook 440 G2 Laptop (Core i5 5th Gen/4GB/500GB/WEBCAM/14""/DOS)",,,,https://www.amazon.in/Renewed-HP-ProBook-440-Laptop/dp/B08B3YD7GF/ref=sr_1_85?dchild=1&keywords=HP+Laptops&qid=1620033799&sr=8-85
"HP Laptop 250 G7 (1S5F9PA) Core i5 10th Gen 8Gb Ram/ 1Tb HDD/ 15.6"" (39.62cms)/ DVDRW/Windows 10 Home/ 1 Year Warranty",,,,https://www.amazon.in/HP-Laptop-Core-DVDRW-Win10/dp/B08DMG6S5R/ref=sr_1_86?dchild=1&keywords=HP+Laptops&qid=1620033799&sr=8-86
"HP 14 11th Gen Intel Core i5 Processor 14-inch(35.6 cm) FHD Laptop (8GB/512GB/Windows 10/MS Office/Natural Silver/1.46Kg), 14s-dr2016tu",,,,https://www.amazon.in/HP-Processor-14-inch-Windows-14s-dr2016tu/dp/B092MS22P1/ref=sr_1_87?dchild=1&keywords=HP+Laptops&qid=1620033799&sr=8-87
(Renewed) HP EliteBook 820 G4 Laptop (CORE I5 7TH GEN/8GB/512GB SSD/WEBCAM/12.5'' TOUCH/WIN 10 PRO),,,,https://www.amazon.in/Renewed-HP-EliteBook-820-Laptop/dp/B091GQFCLK/ref=sr_1_88?dchild=1&keywords=HP+Laptops&qid=1620033799&sr=8-88
"HP Envy 11th Gen Core i7 Processor 13.3-inch (33.78 cms) FHD Touchscreen Laptop (16GB/1TB SSD/Win 10/NVIDIA MX450 2GB/Natural Silver/1.3 kg), 13-ba1018TX",,,,https://www.amazon.in/HP-Processor-13-3-inch-Touchscreen-13-ba1018TX/dp/B091FJ13Q5/ref=sr_1_89?dchild=1&keywords=HP+Laptops&qid=1620033799&sr=8-89
(Renewed) HP ProBook 440 G4 Laptop (CORE I3 7TH GEN/4GB/500GB/WEBCAM/14''/Windows 10 Pro),,,,https://www.amazon.in/Renewed-HP-ProBook-440-G4/dp/B08ZJGX3PK/ref=sr_1_90?dchild=1&keywords=HP+Laptops&qid=1620033799&sr=8-90
"(CERTIFIED REFURBISHED) HP Omen 15-ce073tx 2017 15.6-Inch Full HD (1080p) Gaming Laptop (7th Gen Intel i5, 1TB HDD, 8GB RAM, NVIDIA GTX 1060 6GB, Win10)",,,,https://www.amazon.in/CERTIFIED-REFURBISHED-HP-15-ce073tx-15-6-Inch/dp/B07J2LDRZ6/ref=sr_1_91?dchild=1&keywords=HP+Laptops&qid=1620033799&sr=8-91
"(Renewed) HP 6570b Probook with Numeric Keypad 15.6 Inch Screen Laptop (3rd Gen Intel Core i5 - 3360m /4 GB/1000 GB HDD/Windows 10 Pro), Copper",,,,https://www.amazon.in/Renewed-HP-6570b-Probook-Numeric/dp/B082Q1K51C/ref=sr_1_93?dchild=1&keywords=HP+Laptops&qid=1620033799&sr=8-93
"HP Pavilion Gaming 9th Gen Intel Core i5 15-inch FHD Gaming Laptop (i5-9300H/8GB/1TB + 256GB SSD/Win 10/GTX 1650 4 GB Graphics/2.28 kg/Shadow Black), 15-dk0269tx",,,,https://www.amazon.in/HP-Pavilion-i5-9300H-Graphics-15-dk0269tx/dp/B08CHYL8GL/ref=sr_1_95?dchild=1&keywords=HP+Laptops&qid=1620033799&sr=8-95
"(Renewed) HP 6570b Probook with Numeric Keypad 15.6 Inch Screen Laptop (3rd Gen Intel Core i5 - 3360m /4 GB/320 GB HDD/Windows 10 Pro), Copper",,,,https://www.amazon.in/Renewed-HP-6570b-Probook-Numeric/dp/B082PZTJWD/ref=sr_1_96?dchild=1&keywords=HP+Laptops&qid=1620033799&sr=8-96
"HP Pavilion Gaming 10th Gen Intel Core i7 Processor 15.6-inch FHD Gaming Laptop (16GB/512GB SSD + 32GB Intel Optane/Windows 10/NVIDIA 1650Ti 4GB/Shadow Black), 15-dk1509TX",,,,https://www.amazon.in/HP-Pavilion-Processor-15-6-inch-15-dk1509TX/dp/B08ZN7GBQ5/ref=sr_1_97?dchild=1&keywords=HP+Laptops&qid=1620033804&sr=8-97
"(Renewed) HP Pavilion Notebook 15-bc407TX 2018 15.6-inch Laptop (Intel Core i5-8300H, 8GB, 1TB, 128GB SSDWindows 10, 4 GB GDDR5 Dedicated Graphics), Shadow Black",,,,https://www.amazon.in/REFURBISHED-HP-Pavilion-Notebook-15-bc407TX/dp/B07J2L71CM/ref=sr_1_99?dchild=1&keywords=HP+Laptops&qid=1620033804&sr=8-99
"HP 250 G8 Core i5 11th Gen - (8 GB/1 TB HDD/Windows 10) 250 G8 Intel Core i5 Business Laptop (15.6 inch, Black Grey, 1.78 kg)",,,,https://www.amazon.in/HP-250-G8-Core-i5/dp/B092QWM5ZJ/ref=sr_1_100?dchild=1&keywords=HP+Laptops&qid=1620033804&sr=8-100
"HP 2019 Newest HP 15 15.6"" Micro-Edge Touchscreen HD Business Laptop (Intel Quad-Core i7-8550U, 16GB DDR4 Memory, 512GB NVMe M.2 SSD) DVD, HDMI, Windows 10",,,,https://www.amazon.in/HP-15-Micro-Edge-Touchscreen-Quad-Core/dp/B081Q825C1/ref=sr_1_101?dchild=1&keywords=HP+Laptops&qid=1620033804&sr=8-101
"HP 15 10th Gen Intel Core i3 15.6-inch FHD Alexa Built-in Laptop (i3-10110U/4GB/1TB HDD/Win 10/MX130 2GB Graphics/ MS Office/Jet Black/1.74kg), 15s-du2060TX and Bag Combo",,,,https://www.amazon.in/HP-15-6-inch-i3-10110U-Graphics-15s-du2060TX/dp/B08LBHQCFD/ref=sr_1_102?dchild=1&keywords=HP+Laptops&qid=1620033804&sr=8-102
"HP OMEN 15.6-inch (39.62 cms) FHD Gaming Laptop (Ryzen 5-4600H/8GB/512GB SSD/Windows 10/NVIDIA GTX 1660ti 6GB/Shadow Black/2.36 kg), 15-en0002AX",,,,https://www.amazon.in/HP-15-6-inch-5-4600H-Windows-15-en0002AX/dp/B08CGGRHLH/ref=sr_1_103?dchild=1&keywords=HP+Laptops&qid=1620033804&sr=8-103
"HP 15 db1069AU 15.6-inch Laptop (3rd Gen Ryzen 3 3200U/4GB/1TB HDD/Windows 10/MS Office/Radeon Vega 3 Graphics), Jet Black and Bag Combo",,,,https://www.amazon.in/HP-db1069AU-15-6-inch-Windows-Graphics/dp/B08LBK4D7N/ref=sr_1_104?dchild=1&keywords=HP+Laptops&qid=1620033804&sr=8-104
"(Renewed) HP Pavilion Core I5 8th Gen 15.6-Inch FHD Laptop (8GB/1TB HDD/Win 10/2 GB Mx130 Ddr5 Graphics/Ms Office/Mineral Silver/2.04 Kg), 15-Cs1000tx",,,,https://www.amazon.in/HP-Pavilion-15-6-Inch-Graphics-15-Cs1000tx/dp/B08S43K2BT/ref=sr_1_105?dchild=1&keywords=HP+Laptops&qid=1620033804&sr=8-105
"HP Pavilion x360 Touchscreen 2-in-1 FHD 14"" (35.56cms) Laptop (10th Gen Core i7-10510U/8GB/512GB SSD/Windows 10 Home/MS Office/Mineral Silver/1.58 kg), 14-dh1180tu",,,,https://www.amazon.in/HP-Pavilion-Touchscreen-i7-10510U-14-dh1180tu/dp/B08GD8LQTY/ref=sr_1_106?dchild=1&keywords=HP+Laptops&qid=1620033804&sr=8-106
"(Renewed) HP ProBook 430 G3 Laptop (Core i5 6th Gen/8GB/500GB/WEBCAM/13.3""/DOS)",,,,https://www.amazon.in/Renewed-HP-ProBook-Laptop-WEBCAM/dp/B08DYH95T4/ref=sr_1_107?dchild=1&keywords=HP+Laptops&qid=1620033804&sr=8-107
"HP Laptop 15s-dr0002TU in-Core i5-8265U 8th Gen/8GB RAM/1TB HDD + 256GB SSD/Windows 10 Home/ Integrated Graphics), Natural Silver,15.6-inch",,,,https://www.amazon.in/HP-15s-dr0002TU-i5-8265U-Integrated-15-6-inch/dp/B07TV8S14L/ref=sr_1_108?dchild=1&keywords=HP+Laptops&qid=1620033804&sr=8-108
"(Renewed) HP EliteBook 840 G3 14.5-inch Laptop (Core i5 6th Gen/4GB RAM(Upgradable to 32)/128GB SSD/Windows 10 Pro/MS Office 2019/More than 4 GB Intel HD Integrated Graphics, Backlit Keyboard), Silver",,,,https://www.amazon.in/HP-EliteBook-840-Upgradable-Integrated/dp/B091N5LP2Z/ref=sr_1_109?dchild=1&keywords=HP+Laptops&qid=1620033804&sr=8-109
(Renewed) HP 840g2 EliteBook Laptop ( Intel Core i5 - 5300u /8 GB/240 GB SSD/Windows 10 Pro/Black /14 Inch Screen),,,,https://www.amazon.in/Renewed-HP-840g2-EliteBook-Laptop/dp/B091YQR5DW/ref=sr_1_110?dchild=1&keywords=HP+Laptops&qid=1620033804&sr=8-110
(Renewed) HP EliteBook 820 G2 Laptop (CORE I5 5TH GEN/4GB/500GB/WEBCAM/12.5''/Windows 10 Pro),,,,https://www.amazon.in/Renewed-HP-EliteBook-820-Windows/dp/B08ZJG28TY/ref=sr_1_111?dchild=1&keywords=HP+Laptops&qid=1620033804&sr=8-111
"HP 2019 Newest HP Premium 14 Inch Laptop (Intel Core i3-7100U, Dual Cores, 8GB DDR4 RAM, 128GB SSD, WiFi, Bluetooth, HDMI, Windows 10 Home) (Ash Silver)",,,,https://www.amazon.in/HP-Premium-14-i3-7100U-Bluetooth/dp/B07VN8YG6Q/ref=sr_1_112?dchild=1&keywords=HP+Laptops&qid=1620033804&sr=8-112
"HP - Pavilion x360 2-in-1 11.6"" Touch-Screen Laptop",,,,https://www.amazon.in/HP-Pavilion-2-1-Touch-Screen/dp/B07QRZJRKK/ref=sr_1_113?dchild=1&keywords=HP+Laptops&qid=1620033807&sr=8-113
"HP 2019 Newest HP 17 17.3"" HD+ (1600x900) Premium Laptop",,,,https://www.amazon.in/HP-Newest-1600x900-Premium-Laptop/dp/B07KTLGQ4R/ref=sr_1_114?dchild=1&keywords=HP+Laptops&qid=1620033807&sr=8-114
"HP OMEN 10th Gen Intel Core i7 Processor 15.6-inch FHD Gaming Laptop (i7-10750H/8GB/1TB SSD/Windows 10/NVIDIA GTX 1650ti 4GB/Shadow Black/2.36 kg), 15-ek0018TX",,,,https://www.amazon.in/HP-Processor-15-6-inch-i7-10750H-15-ek0018TX/dp/B08CG9JJ1S/ref=sr_1_115?dchild=1&keywords=HP+Laptops&qid=1620033807&sr=8-115
"HP 15 10th Gen Intel Core i5 15.6-inch FHD Laptop (i5-10210U/8GB/1TB/Win 10/NVIDIA MX110 2GB Graphics /MS Office/1.74kg), 15s-du1079tx",,,,https://www.amazon.in/HP-15-6-inch-i5-10210U-Graphics-15s-du1079tx/dp/B08HJZNW82/ref=sr_1_116?dchild=1&keywords=HP+Laptops&qid=1620033807&sr=8-116
(Renewed) HP EliteBook 840 G1 Laptop (CORE I5 4TH GEN/4GB/500GB/WEBCAM/14'' NO TOUCH/Win 10 Pro),,,,https://www.amazon.in/Renewed-HP-EliteBook-840-G1/dp/B08XWHN1ZV/ref=sr_1_117?dchild=1&keywords=HP+Laptops&qid=1620033807&sr=8-117
"HP Pavilion Gaming 10th Gen Intel Core i5 Processor 16.1"" (40.9 cms) FHD Gaming Laptop (8GB/1TB HDD + 256GB SSD/Windows 10/MS Office/NVIDIA GTX 1650 4GB/Shadow Black), 16-a0022TX",,,,https://www.amazon.in/HP-Pavilion-Processor-16-1-inch-16-a0022TX/dp/B08CGJ5K3V/ref=sr_1_118?dchild=1&keywords=HP+Laptops&qid=1620033807&sr=8-118
"HP Envy x360 13-ay0078AU 13.3-inch Laptop (3rd Gen Ryzen5 4500U/8GB/512GB SSD/Windows 10 Pro/Integrated Graphics), Night Fall Black",,,,https://www.amazon.in/HP-13-ay0078AU-13-3-inch-Integrated-Graphics/dp/B08D5CHBJW/ref=sr_1_119?dchild=1&keywords=HP+Laptops&qid=1620033807&sr=8-119
"HP Envy 15-ep0123TX 15.6"" (39.62cms) Laptop (10th Gen i7-10750H/16GB/1TB SSD/Windows 10 Home/NVIDIA 1660Ti 6 GB Graphics), Natural Silver",,,,https://www.amazon.in/HP-15-ep0123TX-15-6-inch-i7-10750H-Graphics/dp/B08D5CBQDZ/ref=sr_1_120?dchild=1&keywords=HP+Laptops&qid=1620033807&sr=8-120
"HP Pavilion 2-in-1 15.6"" HD Touchscreen Laptop Intel i5-8265U 8GB RAM 512GB SSD Bluetooth Windows 10",,,,https://www.amazon.in/HP-Pavilion-Touchscreen-i5-8265U-Bluetooth/dp/B081K6MCL3/ref=sr_1_121?dchild=1&keywords=HP+Laptops&qid=1620033807&sr=8-121
(Renewed) HP 840g2 EliteBook Laptop ( Intel Core i5 - 5300u /16 GB/320 GB HDD/Windows 10 Pro/Black /14 Inch Screen),,,,https://www.amazon.in/Renewed-HP-840g2-EliteBook-Laptop/dp/B091YNPD3Y/ref=sr_1_122?dchild=1&keywords=HP+Laptops&qid=1620033807&sr=8-122
"(Renewed) HP Elitebook 850 G1 15.6-inch Laptop (4th Gen Core i5/8GB/240 GB SSD/Windows 10/Integrated Graphics), Black",,,,https://www.amazon.in/HP-Elitebook-850-G1-Integrated/dp/B07LC6GC99/ref=sr_1_123?dchild=1&keywords=HP+Laptops&qid=1620033807&sr=8-123
"(Renewed) HP Elitebook 820 G3 12.5-inch Laptop (6th Gen Intel Core i5/8GB/240GB SSD/Windows 10/Integrated Graphics), Silver",,,,https://www.amazon.in/HP-Elitebook-820-G3-Integrated/dp/B07PNNZ14G/ref=sr_1_124?dchild=1&keywords=HP+Laptops&qid=1620033807&sr=8-124
(Renewed) HP ProBook 430 G3 13.3 inch Laptop (Core I5 6th Gen/8 GB RAM/512 GB SSD/Windows 10 Pro/MS Office/HD Display/Integrated Graphics),,,,https://www.amazon.in/Renewed-HP-430-Integrated-Graphics/dp/B08LNWGS8V/ref=sr_1_125?dchild=1&keywords=HP+Laptops&qid=1620033807&sr=8-125
"HP Elitebook X360 830 G6 13.3-inch Laptop (8th Gen Core i7-8550U/8GB/512GB SSD/Windows 10 Pro/Intel UHD 620 Graphics), Silver",,,,https://www.amazon.in/HP-Elitebook-830-G6-13-3-inch/dp/B088266T5T/ref=sr_1_126?dchild=1&keywords=HP+Laptops&qid=1620033807&sr=8-126
HP 240 G8 (3D0J1PA) CORE I3-1005G1/4GB RAM/1TB HDD/DOS/NO ODD/14‚Äù/1 Year ONSITE,,,,https://www.amazon.in/HP-240-G8-3D0J1PA-I3-1005G1/dp/B08ZXR8ZRP/ref=sr_1_127?dchild=1&keywords=HP+Laptops&qid=1620033807&sr=8-127
"HP Chromebook 11-inch Laptop - MediaTek - MT8183 - 4 GB RAM - 32 GB eMMC Storage - 11.6-inch HD IPS Touchscreen - with Chrome OS - (11a-na0040nr, 2020 Model, Ash Gray)",,,,https://www.amazon.in/HP-Chromebook-11-inch-Laptop-11a-na0040nr/dp/B08HHGNFCX/ref=sr_1_128?dchild=1&keywords=HP+Laptops&qid=1620033807&sr=8-128
"HP Chromebook 14a-na0003TU 14"" (35.56cms) Thin&Light Touchscreen Laptop (Intel N4020/4GB/64GB SSD+256GB/Chrome OS/1.46 kgs Light), Mineral SilverMicrosoft 365 Personal-One Year Subscription Included",,,,https://www.amazon.in/14a-na0003TU-Touchscreen-SilverMicrosoft-Personal-One-Subscription/dp/B08XCLP9WX/ref=sr_1_129?dchild=1&keywords=HP+Laptops&qid=1620033811&sr=8-129
"(Renewed) HP Probook 6570b-i5-4 GB-500 GB 15.6-inch Laptop (3rd Gen Core i5/4GB/500GB/Windows 7/Integrated Graphics), Copper",,,,https://www.amazon.in/HP-6570b-i5-4-GB-500-GB-Integrated/dp/B07PP9TD3K/ref=sr_1_130?dchild=1&keywords=HP+Laptops&qid=1620033811&sr=8-130
(Renewed) HP Pavilion x360 Convertible 14 inch FHD Slim Laptop with Pen (8th Gen Intel Core i3-8130U/256GB SSD/4GB RAM/Windows 10 Home/Microsoft Office Home and Student 2016 Pale Gold,,,,https://www.amazon.in/REFURBISHED-HP-Convertible-14-cd0078TU-Integrated/dp/B07J2KX44D/ref=sr_1_131?dchild=1&keywords=HP+Laptops&qid=1620033811&sr=8-131
"HP 250 G8 Notebook PC (Intel Core I5-1035G1/ 10th-Gen/ 8 GB RAM/ 1TB HDD/ Windows 10 Home SL/ NO DVD/ 15.6 Inch), 3D3U2PA",,,,https://www.amazon.in/HP-250-G8-Notebook-3D3U2PA/dp/B08XS23FPR/ref=sr_1_132?dchild=1&keywords=HP+Laptops&qid=1620033811&sr=8-132
"(Renewed) HP Pavilion 13-an0046tu 2018 13.3-inch Laptop (Core i5-8265U/8GB/256GB/Windows 10 Home/Integrated Graphics), Mineral Silver",,,,https://www.amazon.in/HP-Pavilion-13-an0046tu-13-3-inch-Integrated/dp/B08HQYXCLD/ref=sr_1_133?dchild=1&keywords=HP+Laptops&qid=1620033811&sr=8-133
"HP 2020 Chromebook x360 Laptop Computer 8th Gen Intel Core i3-8130U up to 3.4GHz (Beat i5-7200U) 8GB DDR4 RAM 64GB eMMC 14"" FHD 2-in-1 Touchscreen 802.11ac WiFi Bluetooth 4.2 Type-C Chrome OS",,,,https://www.amazon.in/HP-Chromebook-x360-Touchscreen-Bluetooth/dp/B081PZL2CJ/ref=sr_1_136?dchild=1&keywords=HP+Laptops&qid=1620033811&sr=8-136
"HP Spectre Folio 13-ak1004TU 13.3-inch Laptop (10th Gen i7-10510Y/16GB/512GB SSD/Windows 10 Pro/Integrated Graphics), Cognac Brown",,,,https://www.amazon.in/HP-13-ak1004TU-13-3-inch-i7-10510Y-Integrated/dp/B08D5CHTY3/ref=sr_1_137?dchild=1&keywords=HP+Laptops&qid=1620033811&sr=8-137
"HP Chromebook 11-inch Laptop - MediaTek - MT8183 - 4 GB RAM - 32 GB eMMC Storage - 11.6-inch HD Display - with Chrome OS - (11a-na0010nr, 2020 Model)",,,,https://www.amazon.in/HP-Chromebook-11-inch-Laptop-11a-na0010nr/dp/B08HJT1BKQ/ref=sr_1_138?dchild=1&keywords=HP+Laptops&qid=1620033811&sr=8-138
"HP Spectre x360 2-in-1 15.6"" 4K UHD Touch-Screen Laptop - Intel i7-8550U, 16GB DDR4, 512GB PCI-e SSD, NVIDIA 2GB GDDR5 MX150, Thunderbolt-Bang & Olufsen Audio, HP Stylus, Dark Ash Silver",,,,https://www.amazon.in/HP-Spectre-x360-Touch-Screen-Laptop/dp/B07BPP2WKY/ref=sr_1_139?dchild=1&keywords=HP+Laptops&qid=1620033811&sr=8-139
"HP Pavilion Gaming 9th Gen Intel Core i5 Processor 15.6"" (39.62cms) FHD Gaming Laptop (8GB/1TB HDD/M.2 Slot/Windows 10/NVIDIA GTX 1650 4GB/Shadow Black), 15-dk0263TX",,,,https://www.amazon.in/HP-Pavilion-Processor-15-6-inch-15-dk0263TX/dp/B08CYZM4Y1/ref=sr_1_140?dchild=1&keywords=HP+Laptops&qid=1620033811&sr=8-140
"HP Pavilion Gaming 15.6"" (39.62cms) FHD Gaming Laptop (Ryzen 5-3550H/8GB/1TB HDD/Windows 10/NVIDIA GTX 1650 4GB/Shadow Black), 15-ec0101AX",,,,https://www.amazon.in/HP-Pavilion-15-6-inch-5-3550H-15-ec0101AX/dp/B08CJ1513V/ref=sr_1_143?dchild=1&keywords=HP+Laptops&qid=1620033811&sr=8-143
"HP Pavilion 15.6"" FHD IPS Premium Gaming Laptop, AMD 2nd Gen Quad-Core Ryzen 5 3550H, 8GB RAM, 256GB SSD, NVIDIA GeForce GTX 1050 3GB GDDR5, Backlit Keyboard, Windows 10",,,,https://www.amazon.in/HP-Pavilion-Premium-Quad-Core-Keyboard/dp/B0814QQW56/ref=sr_1_144?dchild=1&keywords=HP+Laptops&qid=1620033811&sr=8-144
HP 2020 15.6-inch HD Touchscreen Intel Core i7-1065G7 8GB DDR4 RAM 512GB SSD HDMI 802.11b/g/n/ac Windows 10 Laptop (Silver),,,,https://www.amazon.in/HP-15-6-inch-Touchscreen-i7-1065G7-802-11b/dp/B082342SB7/ref=sr_1_145?dchild=1&keywords=HP+Laptops&qid=1620033817&sr=8-145
"HP Envy 13.3-inch Touchscreen FHD Laptop (10th Gen i7-10510U/16GB/512GB SSD/Windows 10/MS Office/2 GB Graphics/Natural Silver/1.3 Kg), 13-ba0010TX",,,,https://www.amazon.in/HP-13-3-inch-Touchscreen-i7-10510U-13-ba0010TX/dp/B08D5CHV4N/ref=sr_1_146?dchild=1&keywords=HP+Laptops&qid=1620033817&sr=8-146
"(Renewed) HP ProBook 430 G3 Laptop (Core i5 6th Gen/4GB/500GB/WEBCAM/13.3""/DOS)",,,,https://www.amazon.in/Renewed-HP-ProBook-430-Laptop/dp/B08B3Y3FL7/ref=sr_1_147?dchild=1&keywords=HP+Laptops&qid=1620033817&sr=8-147
"(Renewed) HP 15s-du00096tu 15.6-inch Laptop (8th Gen i5-8265U/8GB/1TB HDD + 256GB SSD/Windows 10 Home/Microsoft Office 2019/2.04 kg), Natural Silver",,,,https://www.amazon.in/HP-15s-du00096tu-15-6-inch-i5-8265U-Microsoft/dp/B089S3B6FC/ref=sr_1_149?dchild=1&keywords=HP+Laptops&qid=1620033817&sr=8-149
(Renewed) HP ProBook 440 G3 Laptop (CORE I3 6TH/4GB/500GB/WEBCAM/14''/WIN 10 PRO),,,,https://www.amazon.in/Renewed-HP-ProBook-440-G3/dp/B08XWG6NVV/ref=sr_1_150?dchild=1&keywords=HP+Laptops&qid=1620033817&sr=8-150
HP 15-Inch HD Laptop(Touchscreen),,,,https://www.amazon.in/HP-Touchscreen-i3-1005G1-Solid-State-15-dy1010nr/dp/B07VWXW5TY/ref=sr_1_151?dchild=1&keywords=HP+Laptops&qid=1620033817&sr=8-151
"(Renewed) HP Pavilion 13-an0046tu 2018 13.3-inch Laptop (Core i5-8265U/8GB/256GB/Windows 10 Home/Integrated Graphics), Mineral Silver",,,,https://www.amazon.in/HP-Pavilion-13-an0046tu-13-3-inch-Integrated/dp/B08HQYXCLD/ref=sr_1_152?dchild=1&keywords=HP+Laptops&qid=1620033817&sr=8-152
"HP 250G7/10th Gen Core i3-1005G1/4/1TB/W10 HOME/15.6""/DVD-Writer/HP Services Offers 1-Year Limited Warranty",,,,https://www.amazon.in/HP-i3-1005G1-DVD-Writer-Services-Warranty/dp/B08G54M2H8/ref=sr_1_153?dchild=1&keywords=HP+Laptops&qid=1620033817&sr=8-153
HP 2019 Newest 17.3 Inch Flagship Laptop Computer,,,,https://www.amazon.in/HP-Flagship-Computer-I5-8265U-Bluetooth/dp/B07TF8LVDC/ref=sr_1_154?dchild=1&keywords=HP+Laptops&qid=1620033817&sr=8-154
"(Renewed) HP EliteBook 840 G3 14.5-inch Laptop (Core i5 6th Gen/16GB RAM/512GB SSD/Windows 10 Pro/MS Office 2019/More than 4 GB Intel HD Integrated Graphics, Backlit Keyboard), Silver",,,,https://www.amazon.in/HP-EliteBook-840-14-5-inch-Integrated/dp/B091N6NNY6/ref=sr_1_156?dchild=1&keywords=HP+Laptops&qid=1620033817&sr=8-156
"(Renewed) HP Pavilion 13-U133TU x360 13.3-inch Laptop (7th Gen Core i5-7200U/8GB/1TB/Windows 10 Home/Integrated Graphics), Natural Silver",,,,https://www.amazon.in/HP-Pavilion-13-U133TU-13-3-inch-Integrated/dp/B08D3VYN8Z/ref=sr_1_157?dchild=1&keywords=HP+Laptops&qid=1620033817&sr=8-157
"(Renewed) HP Probook 6570b-i5-8 GB-1 TB 15.6-inch Laptop (3rd Gen Core i5/8GB/1TB/Windows 7/Integrated Graphics), Copper",,,,https://www.amazon.in/HP-6570b-i5-8-GB-1-TB-Integrated/dp/B07PQFL4WZ/ref=sr_1_158?dchild=1&keywords=HP+Laptops&qid=1620033817&sr=8-158
"HP Spectre x360 15-eb0033TX 15-inch Laptop (10th Gen i7-10750H/16GB/1TB SSD/Windows 10 Pro/4 GB Graphics), Night Fall Black",,,,https://www.amazon.in/HP-Spectre-15-eb0033TX-i7-10750H-Graphics/dp/B08D5DWG6Z/ref=sr_1_159?dchild=1&keywords=HP+Laptops&qid=1620033817&sr=8-159
"(Renewed) HP ProBook 430 G3 Laptop (CORE I5 6TH GEN/4GB/500GB/WEBCAM/13.3""/Windows 10 Pro)",,,,https://www.amazon.in/Renewed-HP-ProBook-430-Windows/dp/B08ZJFQNV5/ref=sr_1_160?dchild=1&keywords=HP+Laptops&qid=1620033817&sr=8-160
"HP Pavilion 14-CE1073TX 14-inch Laptop (8th Gen Core i5-8265U/8GB/512GB SSD/Windows 10, Home/2GB NVIDIA GeForce MX150 Graphics), Mineral Silver",,,,https://www.amazon.in/HP-Pavilion-14-CE1073TX-i5-8265U-Graphics/dp/B07TC65VBS/ref=sr_1_161?dchild=1&keywords=HP+Laptops&qid=1620033821&sr=8-161
HP Chromebookx360 Intel Celeron N4020Processor 12-inch Touchscreen Laptop(Celeron N4020/4GB/64GB SSD/Chrome OS/Integrated Graphics/Natural Silver)Microsoft 365 Personal-One Year Subscription Included,,,,https://www.amazon.in/Chromebookx360-N4020Processor-Touchscreen-Personal-One-Subscription/dp/B08WQFTM4V/ref=sr_1_162?dchild=1&keywords=HP+Laptops&qid=1620033821&sr=8-162
(Renewed) HP 840g2 EliteBook Laptop ( Intel Core i5 - 5300u /4 GB/2000 GB HDD/Windows 10 Pro/Black /14 Inch Screen),,,,https://www.amazon.in/Renewed-HP-840g2-EliteBook-Laptop/dp/B091YNZNFQ/ref=sr_1_163?dchild=1&keywords=HP+Laptops&qid=1620033821&sr=8-163
"(Renewed) HP 15s du0120tu 15.6-inch Laptop (8th Gen i3-8145U/4GB/1TB HDD/Windows 10 Home/Microsoft Office 2019/Integrated Graphics), Natural Silver",,,,https://www.amazon.in/HP-du0120tu-15-6-inch-Microsoft-Integrated/dp/B089FJF3TF/ref=sr_1_164?dchild=1&keywords=HP+Laptops&qid=1620033821&sr=8-164
"HP Envy 17t Touch Screen 17.3"" Full HD Laptop",,,,https://www.amazon.in/HP-17t-Touch-Screen-Laptop/dp/B077VYJCD8/ref=sr_1_165?dchild=1&keywords=HP+Laptops&qid=1620033821&sr=8-165
(Renewed) HP EliteBook 820 G3 Laptop (Core i5 6th Gen/8GB/500GB/WEBCAM/12.5''/DOS),,,,https://www.amazon.in/Renewed-HP-EliteBook-820-Laptop/dp/B08DYGD49F/ref=sr_1_166?dchild=1&keywords=HP+Laptops&qid=1620033821&sr=8-166
"(Renewed) HP Pavilion 14 14-ce3022TX 2019 14-inch Laptop (10th Gen Core i5-1035G1/8GB/1TB HDD + 256GB SSD/Windows 10, Home/2GB Graphics), Mineral Silver",,,,https://www.amazon.in/HP-Pavilion-14-ce3022TX-i5-1035G1-Graphics/dp/B08F41QPFQ/ref=sr_1_167?dchild=1&keywords=HP+Laptops&qid=1620033821&sr=8-167
"HP 2019 17.3"" HD+ Flagship Home and Business Laptop, Intel Quad Core i5-8265U Processor Upto 3.9GHz, 16GB RAM, 512GB SSD, DVD-RW, WiFi, HDMI, GbE LAN, Bluetooth, Windows 10, Black",,,,https://www.amazon.in/HP-Flagship-Business-Processor-Bluetooth/dp/B07R188RY1/ref=sr_1_168?dchild=1&keywords=HP+Laptops&qid=1620033821&sr=8-168
"(Renewed) HP ProBook 430 G3 Laptop (CORE I5 6TH GEN/4GB/256GB SSD/WEBCAM/13.3""/Windows 10 Pro)",,,,https://www.amazon.in/Renewed-HP-ProBook-430-Windows/dp/B08ZJHDP4Z/ref=sr_1_169?dchild=1&keywords=HP+Laptops&qid=1620033821&sr=8-169
"HP 15-inch HD Laptop, AMD Ryzen 7 3700U Processor, 8 GB RAM, 256 GB SSD, Windows 10 Home (15-ef0022nr, Natural Silver)",,,,https://www.amazon.in/HP-Windows-15-ef0022nr-Natural-173N3UA/dp/B0876H4VHJ/ref=sr_1_170?dchild=1&keywords=HP+Laptops&qid=1620033821&sr=8-170
"HP 15 AMD Ryzen 7 15.6"" (39.62cms) FHD Laptop (Ryzen 7-3700U/8GB/512GB SSD/Windows 10 Home/MS Office/Vega 10 Graphics/Natural Silver/1.77 kg), 15s eq0132AU",,,,https://www.amazon.in/HP-15-6-inch-Graphics-15s-eq0132AU/dp/B08978XKP8/ref=sr_1_172?dchild=1&keywords=HP+Laptops&qid=1620033821&sr=8-172
"HP Pavilion Gaming 10th Gen Intel Core i5 Processor 16.1-inch FHD Gaming Laptop (8GB/1TB HDD/Windows 10/MS Office/NVIDIA GTX 1650 4GB/Shadow Black), 16-a0021TX",,,,https://www.amazon.in/HP-Pavilion-Processor-16-1-inch-16-a0021TX/dp/B08CGF74WT/ref=sr_1_173?dchild=1&keywords=HP+Laptops&qid=1620033821&sr=8-173
"(Renewed) HP Probook 6570b-i5-8 GB-240 GB 15.6-inch Laptop (3rd Gen Core i5/8GB/240GB SSD/Windows 7/Integrated Graphics), Copper",,,,https://www.amazon.in/HP-6570b-i5-8-GB-240-GB-Integrated/dp/B07PRL2J9Y/ref=sr_1_174?dchild=1&keywords=HP+Laptops&qid=1620033821&sr=8-174
"(Renewed) HP EliteBook 840 G2 14-Inch Laptop (5th Gen Core i5/8GB/256 GB SSD/Windows 10/MS office 2019/Integrated Graphics), Black",,,,https://www.amazon.in/HP-EliteBook-840-G2-Integrated/dp/B08599TFXR/ref=sr_1_176?dchild=1&keywords=HP+Laptops&qid=1620033821&sr=8-176
"(Renewed) HP EliteBook 840 G2 14-Inch Laptop (5th Gen Core i5/8GB/256 GB SSD/Windows 10/MS office 2019/Integrated Graphics), Black",,,,https://www.amazon.in/HP-EliteBook-840-G2-Integrated/dp/B08599TFXR/ref=sr_1_177?dchild=1&keywords=HP+Laptops&qid=1620033825&sr=8-177
HP Premium 15.6-inch HD WLED-Backlit Display Laptop PC,,,,https://www.amazon.in/HP-15-6-inch-WLED-Backlit-Laptop-Silver/dp/B07TYRKXD2/ref=sr_1_178?dchild=1&keywords=HP+Laptops&qid=1620033825&sr=8-178
"(Renewed) HP EliteBook 840 G3 14.5-inch Laptop (Core i5 6th Gen/4GB RAM (Upgradable to 32)/320GB HDD/Windows10 Pro/MS Office 2019/More than 4 GB Intel HD Integrated Graphics, Backlit Keyboard),Silver",,,,https://www.amazon.in/HP-EliteBook-840-Upgradable-Integrated/dp/B091N6T28P/ref=sr_1_179?dchild=1&keywords=HP+Laptops&qid=1620033825&sr=8-179
"HP EliteBook 1040 G4 14-inch Laptop (7th Gen Intel Core i7 7820HQ/16GB/1000GB SSD/Windows 10 Pro 64 bit/Integrated Graphics), Silver",,,,https://www.amazon.in/HP-1040-G4-Notebook-PC/dp/B07BRDMRKX/ref=sr_1_181?dchild=1&keywords=HP+Laptops&qid=1620033825&sr=8-181
"HP Pavilion Gaming 9th Gen Intel Core i5 Processor 15.6-inch FHD Gaming Laptop (8GB/1TB HDD/M.2 Slot/Windows 10/NVIDIA GTX 1650 4GB/Shadow Black), 15-dk0264TX",,,,https://www.amazon.in/HP-Pavilion-Processor-15-6-inch-15-dk0264TX/dp/B08CHWP814/ref=sr_1_182?dchild=1&keywords=HP+Laptops&qid=1620033825&sr=8-182
(Renewed) HP 840g2 EliteBook Laptop ( Intel Core i5 - 5300u /4 GB/320 GB HDD/Windows 10 Pro/Black /14 Inch Screen),,,,https://www.amazon.in/Renewed-HP-840g2-EliteBook-Laptop/dp/B091YM6HQT/ref=sr_1_183?dchild=1&keywords=HP+Laptops&qid=1620033825&sr=8-183
"HP OMEN X-ap046TX 17"" (43.18 cms) FHD Gaming Laptop (Intel Core i7-7820HK/32GB/1TB HDD + 1TB SSD/GTX 1080 8 GB GDDR5X Graphics/G-SYNC/VR Ready/Windows 10), Shadow Black",,,,https://www.amazon.in/HP-X-ap046TX-17-inch-i7-7820HK-Miracast/dp/B07BN27V7P/ref=sr_1_184?dchild=1&keywords=HP+Laptops&qid=1620033825&sr=8-184
(Renewed) HP 840g2 EliteBook Laptop ( Intel Core i5 - 5300u /4 GB/500 GB HDD/Windows 10 Pro/Black /14 Inch Screen),,,,https://www.amazon.in/Renewed-HP-840g2-EliteBook-Laptop/dp/B091YNQ2QX/ref=sr_1_185?dchild=1&keywords=HP+Laptops&qid=1620033825&sr=8-185
"HP ELITEBOOK X360 830 G6 2-in-1 13.3"" IPS Touchscreen FHD (1920x1080) Business Laptop",,,,https://www.amazon.in/HP-1040-G6-Touchscreen-Thunderbolt/dp/B082D1RBX3/ref=sr_1_186?dchild=1&keywords=HP+Laptops&qid=1620033825&sr=8-186
HP 15-ec0043ax Pavilion Gaming 15.6 inch FHD Laptop (AMD Ryzen 5 3550H/8 GB/1 TB HDD + 256 GB SSD/4 GB Nvidia GTX1650 Graphics/Windows 10/MSO/FHD)(15.6 inch),,,,https://www.amazon.in/HP-15-ec0043ax-Pavilion-GTX1650-Graphics/dp/B08R93C56T/ref=sr_1_187?dchild=1&keywords=HP+Laptops&qid=1620033825&sr=8-187
"HP 14 10th Gen Intel Core i7 Ultra Thin and Light FHD Laptop (i7-1065G7/8GB/512GB SSD/Win 10/MS Office 2019/Natural Silver/1.46 Kg), 14s-DR1010TU",,,,https://www.amazon.in/HP-Laptop-i7-1065G7-Natural-14s-DR1010TU/dp/B08H2V92WV/ref=sr_1_188?dchild=1&keywords=HP+Laptops&qid=1620033825&sr=8-188
"HP 14s dr1009tu 14-inch FHD Laptop (10th Gen Core i5-1035G1/8GB/512GB SSD/Windows 10 Home/MS Office/1.46 kg), Natural Silver",,,,https://www.amazon.in/HP-dr1009tu-14-inch-i5-1035G1-Windows/dp/B08F786TH2/ref=sr_1_189?dchild=1&keywords=HP+Laptops&qid=1620033825&sr=8-189
"HP 15 Laptop, 15.6"" HD Display, Intel Core I5-8265U, Intel UHD Graphics, 8GB, 256GB SSD, Natural Silver",,,,https://www.amazon.in/HP-Display-I5-8265U-Graphics-Natural/dp/B07T4LQ7L2/ref=sr_1_190?dchild=1&keywords=HP+Laptops&qid=1620033825&sr=8-190
"HP Notebook PC 348 G7 14-inch Laptop (10th Gen Core i3-10110U/8GB/1TB HDD/DOS/Intel UHD 620 Graphics), Silver",,,,https://www.amazon.in/HP-Notebook-348-G7-i3-10110U/dp/B08826Q91S/ref=sr_1_191?dchild=1&keywords=HP+Laptops&qid=1620033825&sr=8-191
"HP Omen 9th Gen Intel Core i5 Processor 15.6-inch FHD Gaming Laptop (8GB/1TB HDD + 256GB SSD/Windows 10/NVIDIA GTX 1650 4GB/Shadow Black), 15-dc1092TX",,,,https://www.amazon.in/HP-15-6-inch-Windows-Graphics-15-dc1092TX/dp/B07SXCT5XS/ref=sr_1_192?dchild=1&keywords=HP+Laptops&qid=1620033825&sr=8-192
"HP Omen 9th Gen Intel Core i5 Processor 15.6-inch FHD Gaming Laptop (8GB/1TB HDD + 256GB SSD/Windows 10/NVIDIA GTX 1650 4GB/Shadow Black), 15-dc1092TX",,,,https://www.amazon.in/HP-15-6-inch-Windows-Graphics-15-dc1092TX/dp/B07SXCT5XS/ref=sr_1_193?dchild=1&keywords=HP+Laptops&qid=1620033830&sr=8-193
"(Renewed) HP EliteBook 840 G3 14.5-inch Laptop (Core i5 6th Gen/4GB RAM (Upgradable to 32)/320GB HDD/Windows10 Pro/MS Office 2019/More than 4 GB Intel HD Integrated Graphics, Backlit Keyboard),Silver",,,,https://www.amazon.in/HP-EliteBook-840-Upgradable-Integrated/dp/B091N6T28P/ref=sr_1_194?dchild=1&keywords=HP+Laptops&qid=1620033830&sr=8-194
"HP Elitebook 840 G6 14-inch Laptop (8th Gen Core i7-8565U/8GB/512GB SSD/Windows 10 Pro/2GB AMD Radeon RX 550 Graphics), Silver",,,,https://www.amazon.in/HP-Elitebook-840-G6-i7-8565U/dp/B08827W7F4/ref=sr_1_195?dchild=1&keywords=HP+Laptops&qid=1620033830&sr=8-195
"HP Notebook PC 348 G7 14-inch Laptop (10th Gen Core i3-10110U/8GB/1TB HDD/Windows 10 Pro/Intel UHD 620 Graphics), Silver",,,,https://www.amazon.in/HP-Notebook-348-G7-i3-10110U/dp/B08826RXGZ/ref=sr_1_198?dchild=1&keywords=HP+Laptops&qid=1620033830&sr=8-198
(Renewed) HP EliteBook 850 G1 Laptop (CORE I5 4TH GEN/4GB/500GB/WEBCAM/15.6''/WIN 10 PRO),,,,https://www.amazon.in/Renewed-HP-EliteBook-850-G1/dp/B08XW9GLFQ/ref=sr_1_199?dchild=1&keywords=HP+Laptops&qid=1620033830&sr=8-199
"(Renewed) HP EliteBook 840 G3 14.5-inch Laptop (Core i5 6th Gen/8GB RAM(Upgradable to 32)/512GB SSD/Windows 10 Pro/MS Office 2019/More than 4 GB Intel HD Integrated Graphics, Backlit Keyboard), Silver",,,,https://www.amazon.in/HP-EliteBook-840-Upgradable-Integrated/dp/B091N5BVC3/ref=sr_1_200?dchild=1&keywords=HP+Laptops&qid=1620033830&sr=8-200
"(Renewed) HP 840g3 Elitebook 14 Inch Screen Laptop (6th Gen Intel Core i5 - 6300U /4 GB/240 GB SSD/Windows 10 Pro), Black",,,,https://www.amazon.in/Renewed-HP-Elitebook-Screen-Laptop/dp/B081SZMRTX/ref=sr_1_201?dchild=1&keywords=HP+Laptops&qid=1620033830&sr=8-201
"(Renewed) HP Pavilion Gaming 10th Gen Intel Core i5 Processor 16.1-inch FHD Gaming Laptop (8GB/1TB HDD/Windows 10/MS Office/NVIDIA GTX 1650 4GB/Shadow Black), 16-a0021TX",,,,https://www.amazon.in/HP-Pavilion-Processor-16-1-inch-16-a0021TX/dp/B08L9HJ73D/ref=sr_1_202?dchild=1&keywords=HP+Laptops&qid=1620033830&sr=8-202
"(Renewed) HP EliteBook 840 G3 14.5-inch Laptop (Core i5 6th Gen/16GB RAM/500GB HDD/Windows 10 Pro/MS Office 2019/More than 4 GB Intel HD Integrated Graphics, Backlit Keyboard), Silver",,,,https://www.amazon.in/HP-EliteBook-840-14-5-inch-Integrated/dp/B091N5QN1T/ref=sr_1_203?dchild=1&keywords=HP+Laptops&qid=1620033830&sr=8-203
"(Renewed) HP 6570b Probook with Numeric Keypad 15.6 Inch Screen Laptop (3rd Gen Intel Core i5 - 3360m /4 GB/500 GB HDD/Windows 10 Pro), Copper",,,,https://www.amazon.in/Renewed-HP-6570b-Probook-Numeric/dp/B082Q1NF5K/ref=sr_1_204?dchild=1&keywords=HP+Laptops&qid=1620033830&sr=8-204
HP Chromebook 14-inch Laptop,,,,https://www.amazon.in/HP-14-db0020nr-Chromebook-14-inch-Laptop/dp/B07M8QVNKG/ref=sr_1_205?dchild=1&keywords=HP+Laptops&qid=1620033830&sr=8-205
"HP 2020 15.6"" Touchscreen Laptop Computer, Quad-Core AMD Ryzen 7 3700U up to 4.0GHz, 12GB DDR4 RAM, 256GB PCIe SSD, 802.11ac WiFi, Bluetooth 4.2, USB 3.1 Type-C, HDMI, Windows 10 Home (Silver)",,,,https://www.amazon.in/HP-Touchscreen-Computer-Quad-Core-Bluetooth/dp/B082HZBDXH/ref=sr_1_206?dchild=1&keywords=HP+Laptops&qid=1620033830&sr=8-206
"(Renewed) HP EliteBook 840 G3 14.5-inch Laptop (Core i5 6th Gen/4GB (Upgradable to 32GB)/500GB HDD/Windows 10 Pro/MS Office 2019/More than 4 GB Intel HD Integrated Graphics,Backlit Keyboard), Silver",,,,https://www.amazon.in/HP-EliteBook-840-Upgradable-Integrated/dp/B091N6H7KM/ref=sr_1_207?dchild=1&keywords=HP+Laptops&qid=1620033830&sr=8-207
"HP Envy 15.6-inch FHD Laptop (10th Gen i5-10300H/16GB/512GB SSD/Windows 10/MS Office/4 GB Graphics/Natural Silver/2.14 Kg), 15-ep0011TX",,,,https://www.amazon.in/HP-15-6-inch-i5-10300H-Graphics-15-ep0011TX/dp/B08D5CBG8W/ref=sr_1_208?dchild=1&keywords=HP+Laptops&qid=1620033830&sr=8-208
"HP Envy 15.6-inch FHD Laptop (10th Gen i5-10300H/16GB/512GB SSD/Windows 10/MS Office/4 GB Graphics/Natural Silver/2.14 Kg), 15-ep0011TX",,,,https://www.amazon.in/HP-15-6-inch-i5-10300H-Graphics-15-ep0011TX/dp/B08D5CBG8W/ref=sr_1_209?dchild=1&keywords=HP+Laptops&qid=1620033835&sr=8-209
"HP 2020 HP Pavilion x360 2-in-1 Laptop Computer/ 14"" Full HD Touchscreen/ 10th Gen Intel Core i5-10210U Up to 4.1GHz/ 8GB DDR4 Memory/ 256GB PCIe SSD + 16GB Optane/ AC WiFi/ HDMI/ Gold/ Windows 10",,,,https://www.amazon.in/HP-Pavilion-x360-Touchscreen-i5-10210U/dp/B081CRKQ9R/ref=sr_1_210?dchild=1&keywords=HP+Laptops&qid=1620033835&sr=8-210
"HP Envy 10th Gen Intel Core i5 Processor 13.3"" (33.78 cms) FHD Touchscreen Convertible Laptop (8GB/512GB SSD/Windows 10 Home/MS Office/2 GB Graphics/Natural Silver/1.3Kg), 13-ba0011TX",,,,https://www.amazon.in/HP-13-ba0011TX-13-3-inch-i5-10210U-Graphics/dp/B08D5FGNM1/ref=sr_1_212?dchild=1&keywords=HP+Laptops&qid=1620033835&sr=8-212
"HP OMEN X-ap045TX 17-inch FHD Gaming Laptop (Intel Core i7-7820HK/16GB/1TB HDD+512GB SSD/GTX 1070 8 GB GDDR5 Graphics/G-SYNC/VR Ready/Windows 10), Shadow Black",,,,https://www.amazon.in/HP-X-ap045TX-17-inch-i7-7820HK-Miracast/dp/B07BN4TRWD/ref=sr_1_213?dchild=1&keywords=HP+Laptops&qid=1620033835&sr=8-213
(Renewed) HP 840g2 EliteBook Laptop ( Intel Core i5 - 5300u /4 GB/1000 GB HDD/Windows 10 Pro/Black /14 Inch Screen),,,,https://www.amazon.in/Renewed-HP-840g2-EliteBook-Laptop/dp/B091YQHZVG/ref=sr_1_214?dchild=1&keywords=HP+Laptops&qid=1620033835&sr=8-214
"HP Probook 440 14"" Full HD FHD (1920x1080) Business Laptop",,,,https://www.amazon.in/HP-440-Business-Laptop-Fingerprint/dp/B07SKJN4LG/ref=sr_1_215?dchild=1&keywords=HP+Laptops&qid=1620033835&sr=8-215
"HP Pavilion Gaming 9th Gen Intel Core i5 Processor 15.6 inch FHD Laptop (8GB/1TB HDD/ Win 10/GTX 1050 4GB/Backlit Keyboard/2.2kg), 15-dk0261TX (Shadow Black)",,,,https://www.amazon.in/HP-Pavilion-Processor-Keyboard-15-dk0261TX/dp/B0862VZ3WY/ref=sr_1_216?dchild=1&keywords=HP+Laptops&qid=1620033835&sr=8-216
"HP New 2020 HP 14"" FHD IPS LED 1080p Laptop Intel Core i5-1035G4 4GB DDR4 128GB SSD Windows 10 with S Mode",,,,https://www.amazon.in/HP-1080p-Laptop-i5-1035G4-Windows/dp/B08192LMDH/ref=sr_1_217?dchild=1&keywords=HP+Laptops&qid=1620033835&sr=8-217
"HP 14"" Full HD IPS 1080p Crisp Screen Light and Fast Laptop PC, Backlit Keyboard, 8th Gen Intel i3-8130U Dual-Core Processor 4GB RAM 128GB SSD 802.11ac Bluetooth 4.2 HDMI Windows 10 (Silver)",,,,https://www.amazon.in/HP-14-Dual-Core-Processor-Bluetooth/dp/B07Q13XR2H/ref=sr_1_218?dchild=1&keywords=HP+Laptops&qid=1620033835&sr=8-218
"HP Pavilion x360 Core i3 10th Gen 14-inch HD Touchscreen 2-in-1 Alexa Enabled Laptop (4GB/256GB SSD/Windows 10/MS Office/Inking Pen/Natural Silver/1.59 kg), 14-dh1006TU",,,,https://www.amazon.in/HP-Pavilion-14-inch-Touchscreen-14-dh1006TU/dp/B07WFPSWVN/ref=sr_1_219?dchild=1&keywords=HP+Laptops&qid=1620033835&sr=8-219
"2019 HP 17.3"" HD+ Touchscreen Laptop Computer",,,,https://www.amazon.in/HP-Touchscreen-Computer-Quad-Core-Bluetooth/dp/B07WCTR386/ref=sr_1_221?dchild=1&keywords=HP+Laptops&qid=1620033835&sr=8-221
"(Renewed) HP Probook 6570b-i5-4 GB-240 GB 15.6-inch Laptop (3rd Gen Core i5/4GB/240GB SSD/Windows 7/Integrated Graphics), Copper",,,,https://www.amazon.in/HP-6570b-i5-4-GB-240-GB-Integrated/dp/B07PRJLQXT/ref=sr_1_222?dchild=1&keywords=HP+Laptops&qid=1620033835&sr=8-222
"(Renewed) HP 15 DA0330tu 2018 15.6-inch Laptop (8th Gen i5-8250U/4GB/1TB/Windows 10 Home/Integrated Graphics), Natural Silver",,,,https://www.amazon.in/HP-DA0330tu-15-6-inch-i5-8250U-Integrated/dp/B07MQWBDVM/ref=sr_1_223?dchild=1&keywords=HP+Laptops&qid=1620033835&sr=8-223
"HP New Spectre X360 13-aw0205tu 13.3-inch Laptop (10th Gen i7-1065G7/16GB/512GB SSD/Windows 10 Pro/Intel Iris Plus Graphics), Night Fall Black",,,,https://www.amazon.in/HP-13-aw0205tu-13-3-inch-i7-1065G7-Graphics/dp/B082DZC567/ref=sr_1_224?dchild=1&keywords=HP+Laptops&qid=1620033835&sr=8-224
"HP 240 G7 14-inch LED HD Laptop (10th Gen Core i5-1035G1/8GB/1TB HDD/DOS/NoDvD/1 Year Warranty), Black (1S5F3PA)",,,,https://www.amazon.in/HP-240-G7-i5-1035G1-1S5F3PA/dp/B08L9FLG4C/ref=sr_1_225?dchild=1&keywords=HP+Laptops&qid=1620033840&sr=8-225
HP 15-dk0269tx Pavilion Gaming Laptop 15.6 inch (9th Gen Intel Core i5-9300H/8GB/1TB HDD/4GB GTX 1650 Graphics/Windows 10/FHD) - Shadow Black,,,,https://www.amazon.in/HP-15-dk0269tx-Pavilion-i5-9300H-Graphics/dp/B08DXLZFPR/ref=sr_1_226?dchild=1&keywords=HP+Laptops&qid=1620033840&sr=8-226
"HP Pavilion 14-CE1073TX 14-inch Laptop (8th Gen Core i5-8265U/8GB/512GB SSD/Windows 10, Home/2GB NVIDIA GeForce MX150 Graphics), Mineral Silver",,,,https://www.amazon.in/HP-Pavilion-14-CE1073TX-i5-8265U-Graphics/dp/B07TC65VBS/ref=sr_1_227?dchild=1&keywords=HP+Laptops&qid=1620033840&sr=8-227
"(Renewed) HP EliteBook 840 G3 14.5-inch Laptop (Core i5 6th Gen/8GB RAM (Upgradable to 32)/1TB HDD/Windows 10 Pro/MS Office 2019/More than 4 GB Intel HD Integrated Graphics, Backlit Keyboard), Silver",,,,https://www.amazon.in/HP-EliteBook-840-Upgradable-Integrated/dp/B091N6VKFW/ref=sr_1_228?dchild=1&keywords=HP+Laptops&qid=1620033840&sr=8-228
"(Renewed) HP 6570b Probook with Numeric Keypad 15.6 Inch Screen Laptop (3rd Gen Intel Core i5 - 3360m /16 GB/500 GB HDD/Windows 10 Pro), Copper",,,,https://www.amazon.in/Renewed-HP-6570b-Probook-Numeric/dp/B082PXRP21/ref=sr_1_229?dchild=1&keywords=HP+Laptops&qid=1620033840&sr=8-229
"HP 15 di1001tu 15.6-inch Laptop (8th Gen Core i5-8265U/4GB/1TB HDD/Windows 10 Home/Integrated Graphics), Sparkling Black",,,,https://www.amazon.in/HP-di1001tu-15-6-inch-Core-i5-8265U-Integrated/dp/B083Y131FL/ref=sr_1_230?dchild=1&keywords=HP+Laptops&qid=1620033840&sr=8-230
(Renewed) HP 840g2 EliteBook Laptop ( Intel Core i5 - 5300u /8 GB/120 GB SSD/Windows 10 Pro/Black /14 Inch Screen),,,,https://www.amazon.in/Renewed-HP-840g2-EliteBook-Laptop/dp/B091YP4JY7/ref=sr_1_231?dchild=1&keywords=HP+Laptops&qid=1620033840&sr=8-231
"(Renewed) HP 6570b Probook with Numeric Keypad 15.6 Inch Screen Laptop (3rd Gen Intel Core i5 - 3360m /8 GB/500 GB HDD/Windows 10 Pro), Copper",,,,https://www.amazon.in/Renewed-HP-6570b-Probook-Numeric/dp/B082Q17N6H/ref=sr_1_232?dchild=1&keywords=HP+Laptops&qid=1620033840&sr=8-232
"HP OMEN 10th Gen Intel Core i7 Processor 15.6"" (39.62cms) FHD Gaming Laptop (i7-10750H/16GB/1TB SSD/Windows 10/300 Nits/144 Hz/NVIDIA GTX 1650ti 4GB/Shadow Black/2.36 kg), 15-ek0019TX",,,,https://www.amazon.in/HP-Processor-15-6-inch-i7-10750H-15-ek0019TX/dp/B08CGM1PKK/ref=sr_1_233?dchild=1&keywords=HP+Laptops&qid=1620033840&sr=8-233
"HP 2019 HP Probook 450 G6 15.6"" HD Business Laptop (Intel Quad-Core i5-8265U, 16GB DDR4 RAM, 512GB M.2 SSD, UHD 620) Backlit, USB Type-C, RJ45, HDMI, Windows 10 Pro Professional",,,,https://www.amazon.in/HP-450-G6-Laptop-Professional/dp/B07SXBXYYK/ref=sr_1_234?dchild=1&keywords=HP+Laptops&qid=1620033840&sr=8-234
(Renewed) HP EliteBook Folio 1040 G2 Laptop (CORE I7 5TH GEN/8GB/256GB SSD/WEBCAM/14'' TOUCH/WIN 10 PRO),,,,https://www.amazon.in/Renewed-HP-EliteBook-1040-Laptop/dp/B0919C52C9/ref=sr_1_235?dchild=1&keywords=HP+Laptops&qid=1620033840&sr=8-235
"(Renewed) HP 6570b Probook with Numeric Keypad 15.6 Inch Screen Laptop (3rd Gen Intel Core i5 - 3360m /8 GB/320 GB HDD/Windows 10 Pro), Copper",,,,https://www.amazon.in/Renewed-HP-6570b-Probook-Numeric/dp/B082Q1FQHB/ref=sr_1_237?dchild=1&keywords=HP+Laptops&qid=1620033840&sr=8-237
"HP Chromebook 14-inch HD Laptop, Intel Celeron N4000, 4 GB RAM, 32 GB eMMC, Chrome (14a-na0010nr, Mineral Silver)",,,,https://www.amazon.in/HP-Chromebook-14-inch-Celeron-14a-na0010nr/dp/B08529TZMC/ref=sr_1_238?dchild=1&keywords=HP+Laptops&qid=1620033840&sr=8-238
"HP 250 G7 (22A67PA#ACJ) Notebook (10th Gen Intel Core i3-1005G1/ 4GB RAM / 512 GB SSD/ Windows 10 Home/ No DVDRW/ 15.6""Inch), 1 Year Warranty",,,,https://www.amazon.in/HP-250-G7-22A67PA-ACJ/dp/B08F9NQ8NF/ref=sr_1_239?dchild=1&keywords=HP+Laptops&qid=1620033840&sr=8-239
"HP 2019 14"" Laptop",,,,https://www.amazon.in/HP-14-CF0014DX-2019-14-Laptop/dp/B07KNLVRJ2/ref=sr_1_242?dchild=1&keywords=HP+Laptops&qid=1620033843&sr=8-242
HP Pavilion 2019 15.6 HD LED Laptop Notebook Computer PC,,,,https://www.amazon.in/HP-Pavilion-Laptop-Notebook-Computer/dp/B07T4LMCZX/ref=sr_1_243?dchild=1&keywords=HP+Laptops&qid=1620033843&sr=8-243
"2020 HP 17.3"" Touchscreen Laptop Computer/ Intel Quad-Core i5-8265U Up to 3.9GHz/ 16GB DDR4 RAM/ 1TB HDD + 256GB PCIe SSD/ DVD/ Bluetooth 4.2/ AC WiFi/ USB 3.1/ HDMI/ Windows 10 Home/ Blue",,,,https://www.amazon.in/HP-Touchscreen-Computer-Quad-Core-Bluetooth/dp/B081GW2T12/ref=sr_1_244?dchild=1&keywords=HP+Laptops&qid=1620033843&sr=8-244
"HP 2020 Newest 17.3 Inch Flagship Laptop?Computer (8th Gen?Intel Core i5-8265U 3.9GHz, 16GB RAM, 256GB SSD, Intel HD 620, WiFi, Bluetooth, DVD, Windows 10)",,,,https://www.amazon.in/HP-Flagship-Computer-i5-8265U-Bluetooth/dp/B07TG9VXDZ/ref=sr_1_245?dchild=1&keywords=HP+Laptops&qid=1620033843&sr=8-245
(Renewed) HP ProBook 430 G3 13.3 inch Laptop (Core i5 6th Gen/8 GB RAM/500 GB HDD/Windows 10 Pro/MS Office/HD Display/Integrated Graphics),,,,https://www.amazon.in/Renewed-HP-430-Integrated-Graphics/dp/B08M3SY1YH/ref=sr_1_246?dchild=1&keywords=HP+Laptops&qid=1620033843&sr=8-246
(Renewed) HP 840g2 EliteBook Laptop ( Intel Core i5 - 5300u /4 GB/240 GB SSD/Windows 10 Pro/Black /14 Inch Screen),,,,https://www.amazon.in/Renewed-HP-840g2-EliteBook-Laptop/dp/B091YKDLSJ/ref=sr_1_247?dchild=1&keywords=HP+Laptops&qid=1620033843&sr=8-247
HP Chromebook 14-inch Touchscreen (1920x1080) FHD IPS WLED-Backlit Display Laptop PC,,,,https://www.amazon.in/HP-Chromebook-Touchscreen-FHD-WLED-Backlit/dp/B07TMTRZ6V/ref=sr_1_248?dchild=1&keywords=HP+Laptops&qid=1620033843&sr=8-248
"HP 2020 15, 15.6"" HD Touchscreen Premium Laptop 10th Gen Intel Core i5-1035G1, 16GB DDR4, 512GB SSD, USB Type-C, HDMI, Windows 10 (Silver W)",,,,https://www.amazon.in/HP-Touchscreen-Premium-i5-1035G1-Windows/dp/B081SM57RY/ref=sr_1_251?dchild=1&keywords=HP+Laptops&qid=1620033843&sr=8-251
"(Renewed) HP Pavilion x360 14-cd0050TX Convertible(8th Gen i3-8130U, 4GB DDR4, 1TB+8GB SSHD, NVIDIA 2GB Graphics, Win 10, FP Reader, MS Office H&S 2016) Natural Silver",,,,https://www.amazon.in/HP-Pavilion-14-cd0050TX-Convertible-i3-8130U/dp/B07MBSR591/ref=sr_1_252?dchild=1&keywords=HP+Laptops&qid=1620033843&sr=8-252
(Renewed) HP EliteBook 840 G4 Laptop (CORE I7 7TH GEN/8GB/512GB SSD/WEBCAM/14'' TOUCH/Win 10 Pro),,,,https://www.amazon.in/Renewed-HP-EliteBook-840-G4/dp/B08XW38MSP/ref=sr_1_253?dchild=1&keywords=HP+Laptops&qid=1620033843&sr=8-253
HP 17.3 Laptop,,,,https://www.amazon.in/HP-17-3-Laptop-i5-8265u-Drive/dp/B081RBM8C9/ref=sr_1_254?dchild=1&keywords=HP+Laptops&qid=1620033843&sr=8-254
"HP 14 Thin & Light 14"" (35.56cms) FHD Laptop (11th Gen Intel i7-1165G7/8GB/512GB SSD/Windows 10/MS Office 2019/Alexa Built-in/Pale Gold/1.47 kg), 14s-dr2007TU",,,,https://www.amazon.in/HP-35-56cms-i7-1165G7-Windows-14s-dr2007TU/dp/B08N57LR4X/ref=sr_1_255?dchild=1&keywords=HP+Laptops&qid=1620033843&sr=8-255
"HP Flagship 2019 14"" FHD Laptop | Intel Quad-Core Pentium Silver N5000 Up to 2.7Ghz |4GB DDR4 | 64GB eMMC SSD | Office 365 Personal-1yr | Win 10 S| Support up to 256G Micro SD Extra Storage",,,,https://www.amazon.in/Flagship-HP-Quad-Core-Pentium-Personal-1yr/dp/B07Q6ZDKGS/ref=sr_1_256?dchild=1&keywords=HP+Laptops&qid=1620033843&sr=8-256
"(Renewed) HP EliteBook 840 G3 14.5-inch Laptop (Core i5 6th Gen/16GB RAM/256GB SSD/Windows 10 Pro/MS Office 2019/More than 4 GB Intel HD Integrated Graphics, Backlit Keyboard), Silver",,,,https://www.amazon.in/HP-EliteBook-840-14-5-inch-Integrated/dp/B091N6GBHH/ref=sr_1_260?dchild=1&keywords=HP+Laptops&qid=1620033848&sr=8-260
(Renewed) HP Envy 13-ah0044TX 13.3-inch Laptop (8th Gen Intel Core i7-8550U/8GB DDR3/NVIDIA MX150 2GB DDR5 Graphics/Win 10) Natural Silver,,,,https://www.amazon.in/CERTIFIED-REFURBISHED-HP-13-ah0044TX-13-3-inch/dp/B07J2K99F9/ref=sr_1_261?dchild=1&keywords=HP+Laptops&qid=1620033848&sr=8-261
(Renewed) HP ProBook 430 G3 13.3 inch Laptop (Core i5 6th Gen/4 GB RAM/500 GB HDD/Windows 10 Pro/MS Office/HD Display/Integrated Graphics),,,,https://www.amazon.in/Renewed-HP-430-Integrated-Graphics/dp/B08M416B6H/ref=sr_1_262?dchild=1&keywords=HP+Laptops&qid=1620033848&sr=8-262
(Renewed) HP Pav Gam Lap 15-dk0047TX IN-Core i5-9300H 9th Gen/8GB DDR-4/1TB HDD + 256GB SSD/Windows 10 Home/4GB NVIDIA GTX 1650 Graphics/Shadow Black /15.6-inch,,,,https://www.amazon.in/HP-15-dk0047TX-i5-9300H-Graphics-15-6-inch/dp/B08HHLC992/ref=sr_1_263?dchild=1&keywords=HP+Laptops&qid=1620033848&sr=8-263
"(Renewed) HP Probook 6570b-i5-8 GB-2 TB 15.6-inch Laptop (3rd Gen Core i5/8GB/2TB/Windows 7/Integrated Graphics), Copper",,,,https://www.amazon.in/HP-6570b-i5-8-GB-2-TB-Integrated/dp/B07PQFL4XF/ref=sr_1_265?dchild=1&keywords=HP+Laptops&qid=1620033848&sr=8-265
(Renewed) HP Laptop  15q-ds1000TU IN-Core i5-8265U 8th Gen/8GB DDR-4/256GB SSD/Intel¬Æ UHD Graphics 620/DVD/Windows 10 Home/Sparkling Black/2.04 kg/15.6-inch,,,,https://www.amazon.in/HP-15q-ds1000TU-i5-8265U-Sparkling-15-6-inch/dp/B08HKCTKJF/ref=sr_1_266?dchild=1&keywords=HP+Laptops&qid=1620033848&sr=8-266
"HP Omen 2019 15-Inch Gaming Laptop with Intel i7-9750H Processor, NVIDIA GTX 1660Ti 6 GB, 8 GB RAM, 256 GB SSD, VR Ready, Windows 10 Home (15-dc1020nr, Black)",,,,https://www.amazon.in/HP-15-Inch-i7-9750H-Processor-15-dc1020nr/dp/B07SG1DY8T/ref=sr_1_267?dchild=1&keywords=HP+Laptops&qid=1620033848&sr=8-267
"HP Spectre X360 2020 GEM Cut 13.3"" FHD Touch Laptop, Intel i7-1065G7, 16GB RAM, 512GB SSD, Bang & Olufsen, Fingerprint Reader, HP Stylus, Nightfall Black, Win 10 Pro",,,,https://www.amazon.in/Spectre-X360-2020-Cut-Fingerprint/dp/B08B6DN9LX/ref=sr_1_269?dchild=1&keywords=HP+Laptops&qid=1620033848&sr=8-269
"HP Spectre 13-ap0154tu 13.3-inch Laptop (8th Gen i7-8565U/16GB/512GB SSD/Windows 10 Pro/Intel UHD Graphics 620 Graphics), Dark Ash Silver",,,,https://www.amazon.in/HP-13-ap0154tu-13-3-inch-i7-8565U-Graphics/dp/B07SKPVDF6/ref=sr_1_270?dchild=1&keywords=HP+Laptops&qid=1620033848&sr=8-270
"HP 2019 HP Envy 13.3 Inch 4K IPS Touchscreen Laptop (Intel Quad Core i7-8565U up to 4.6 GHz, 16GB RAM, 1TB PCIe SSD, NVIDIA GeForce MX250, Backlit Keyboard, WiFi, Bluetooth, HDMI, Windows 10 Home)",,,,https://www.amazon.in/HP-Touchscreen-i7-8565U-Keyboard-Bluetooth/dp/B07WCQHDS3/ref=sr_1_271?dchild=1&keywords=HP+Laptops&qid=1620033848&sr=8-271
"HP Omen Core i7 9th Gen 15.6-inch FHD Gaming Laptop (16GB/1TB HDD + 512GB SSD/Windows 10/NVIDIA RTX 2070 8GB Graphics/Shadow Black), 15-dh0138TX",,,,https://www.amazon.in/HP-15-6-inch-Windows-Graphics-15-dh0138TX/dp/B07SRK4QKH/ref=sr_1_272?dchild=1&keywords=HP+Laptops&qid=1620033848&sr=8-272
HP Stream 11-Inch Laptop,,,,https://www.amazon.in/HP-X5-E8000-Processor-Personal-11-ak1020nr/dp/B07RQPZ4H2/ref=sr_1_273?dchild=1&keywords=HP+Laptops&qid=1620033852&sr=8-273
"(Renewed) HP 6570b Probook with Numeric Keypad 15.6 Inch Screen Laptop (3rd Gen Intel Core i5 - 3360m /8 GB/1000 GB HDD/Windows 10 Pro), Copper",,,,https://www.amazon.in/Renewed-HP-6570b-Probook-Numeric/dp/B082Q17N6G/ref=sr_1_274?dchild=1&keywords=HP+Laptops&qid=1620033852&sr=8-274
"HP Elitebook s360 830 G6 13.3-inch Laptop (8th Gen Intel Core i5-8250U/8GB/512GB SSD/Windows 10 Pro/Intel UHD 620 Graphics), Silver",,,,https://www.amazon.in/HP-Elitebook-830-G6-13-3-inch/dp/B088263LSJ/ref=sr_1_276?dchild=1&keywords=HP+Laptops&qid=1620033852&sr=8-276
"HP Pavilion Gaming 10th Gen Intel Core i5 Processor 16.1-inch FHD Gaming Laptop (8GB/1TB HDD + 256GB SSD/Windows 10/MS Office/NVIDIA GTX 1650ti 4GB/Shadow Black), 16-a0023TX",,,,https://www.amazon.in/HP-Pavilion-Processor-16-1-inch-16-a0023TX/dp/B08CGFZYCH/ref=sr_1_278?dchild=1&keywords=HP+Laptops&qid=1620033852&sr=8-278
"HP OMEN 10th Gen Intel Core i7 Processor 15.6-inch FHD Gaming Laptop (i7-10750H/16GB/1TB SSD/Windows 10/300 Nits/300 Hz/NVIDIA RTX 2070 Super 8GB/Shadow Black/2.36 kg), 15-ek0023TX",,,,https://www.amazon.in/HP-Processor-15-6-inch-i7-10750H-15-ek0023TX/dp/B08CGGTCYB/ref=sr_1_279?dchild=1&keywords=HP+Laptops&qid=1620033852&sr=8-279
"(Renewed) HP Pavilion x360 Core i3 10th Gen 14-inch FHD Touchscreen 2-in-1 Alexa Enabled Laptop (4GB/256GB SSD/Windows 10/MS Office/Inking Pen/Natural Silver/1.59 kg), 14-dh1007TU",,,,https://www.amazon.in/Renewed-HP-Pavilion-Touchscreen-14-dh1007TU/dp/B07ZF2YCMX/ref=sr_1_280?dchild=1&keywords=HP+Laptops&qid=1620033852&sr=8-280
(Renewed) HP 840g2 EliteBook Laptop ( Intel Core i5 - 5300u /16 GB/2000 GB HDD/Windows 10 Pro/Black /14 Inch Screen),,,,https://www.amazon.in/Renewed-HP-840g2-EliteBook-Laptop/dp/B091YNGBYH/ref=sr_1_281?dchild=1&keywords=HP+Laptops&qid=1620033852&sr=8-281
"HP Omen 15.6-inch FHD Gaming Laptop (Ryzen 5-4600H/16GB/512GB SSD/144Hz Refresh Rate/Win 10/NVIDIA GTX 1660Ti 6GB/Shadow Black/2.37 kg), 15-en0036ax",,,,https://www.amazon.in/HP-15-6-inch-5-4600H-Refresh-15-en0036ax/dp/B08JQWT2MG/ref=sr_1_282?dchild=1&keywords=HP+Laptops&qid=1620033852&sr=8-282
"(Renewed) HP EliteBook 840 G3 14.5-inch Laptop (Core i5 6th Gen/8GB RAM(Upgradable to 32)/256GB SSD/Windows 10 Pro/MS Office 2019/More than 4 GB Intel HD Integrated Graphics, Backlit Keyboard), Silver",,,,https://www.amazon.in/HP-EliteBook-840-Upgradable-Integrated/dp/B091N6V9BN/ref=sr_1_283?dchild=1&keywords=HP+Laptops&qid=1620033852&sr=8-283
HP Envy x360 15 Quad 8th Gen. 16G Dual 15.6-inch Convertible 2-in-1 Laptop (Intel i7-8550U/16GB DDR4/1TB+128GB/PCIe NVMe SSD/Intel UHD 620),,,,https://www.amazon.in/Envy-x360-Quad-Gen-Dual/dp/B076X6T1XP/ref=sr_1_284?dchild=1&keywords=HP+Laptops&qid=1620033852&sr=8-284
"HP Envy 13 13.3"" Touchscreen Laptop Intel Core i7 8GB RAM 512GB SSD - 10th Gen i7-1065G7 Quad-core - Intel Iris Plus Graphics - in-Plane Switching (IPS) Technology - BrightView Display Technology",,,,https://www.amazon.in/HP-Touchscreen-Laptop-Intel-Plane/dp/B082ZQ1KD7/ref=sr_1_286?dchild=1&keywords=HP+Laptops&qid=1620033852&sr=8-286
(Renewed) HP Elitebook 820 G2 (CORE I5 5TH GEN/4GB/500GB/WEBCAM/12.5''/DOS) (Black-Grey),,,,https://www.amazon.in/Renewed-HP-Elitebook-WEBCAM-Black-Grey/dp/B088WW7TD6/ref=sr_1_287?dchild=1&keywords=HP+Laptops&qid=1620033852&sr=8-287
"HP Spectre x360 13-ap0121TU 2019 13.3-inch Full HD Laptop (8th Gen Intel Core i5-8265U/8GB/256GB SSD/Win 10 Pro/MS Office/Intel UHD Graphics 620), Poseidon Blue",,,,https://www.amazon.in/HP-13-ap0121TU-13-3-inch-i5-8265U-Graphics/dp/B07M6GFHBS/ref=sr_1_290?dchild=1&keywords=HP+Laptops&qid=1620033856&sr=8-290
"HP Spectre x360 Core i5 10th Gen 13-inch FHD Touchscreen Laptop(8GB/512 GB SSD + 32 GB Intel Optane/Windows 10 Pro/MS Office 2019/Poseidon Blue/1.27 kg), 13-aw0211TU",,,,https://www.amazon.in/HP-Spectre-Touchscreen-Poseidon-13-aw0211TU/dp/B082DZKQ87/ref=sr_1_291?dchild=1&keywords=HP+Laptops&qid=1620033856&sr=8-291
"(Renewed) HP Pavilion Intel Core I5 8th Gen 15.6-Inch FHD Thin And Light Laptop (8GB/1TB HDD/Win 10 Home/2GB Graphics/Silver/2.02 Kg), Cc129tx",,,,https://www.amazon.in/Renewed-HP-Pavilion-15-6-Inch-Graphics/dp/B08S452BTQ/ref=sr_1_293?dchild=1&keywords=HP+Laptops&qid=1620033856&sr=8-293
"HP Notebook PC 340S G7 14-inch Laptop (10th Gen Core i5-1035U/8GB/512GB SSD/DOS/Intel UHD  Graphics), Ash Silver",,,,https://www.amazon.in/HP-Notebook-340S-G7-i5-1035U/dp/B08826TNR6/ref=sr_1_294?dchild=1&keywords=HP+Laptops&qid=1620033856&sr=8-294
"HP Pavilion Gaming Laptop 17-inch, Intel Core i5, NVIDIA GeForce GTX 1650 Ti, 8 GB RAM, 256 GB SSD, Windows 10 Home (17-cd1020nr, Shadow Black)",,,,https://www.amazon.in/HP-Pavilion-17-inch-GeForce-17-cd1020nr/dp/B0882YMJ6L/ref=sr_1_295?dchild=1&keywords=HP+Laptops&qid=1620033856&sr=8-295
"(Renewed) HP Omen Core i7 9th Gen 15.6-inch FHD Gaming Laptop (16GB/1TB HDD + 512GB SSD/Windows 10/NVIDIA RTX 2070 8GB Graphics/Shadow Black), 15-dh0138TX",,,,https://www.amazon.in/Renewed-HP-15-6-inch-Graphics-15-dh0138TX/dp/B08CMNZWBV/ref=sr_1_296?dchild=1&keywords=HP+Laptops&qid=1620033856&sr=8-296
"HP Chromebook x360 10th Gen Intel Core i3 14c-ca0005TU 14"" (35.56cms) Laptop (i3-10110U/8GB/128GB SSD/Chrome OS/Integrated Graphics), Mineral Silver",,,,https://www.amazon.in/HP-Chromebook-14c-ca0005TU-i3-10110U-Integrated/dp/B08C5WLK3Q/ref=sr_1_297?dchild=1&keywords=HP+Laptops&qid=1620033856&sr=8-297
"(Renewed) HP Elitebook 840 G6 14-inch Laptop (8th Gen Core i7-8565U/8GB/512GB SSD/Windows 10 Pro/Intel UHD 620 Graphics), Silver",,,,https://www.amazon.in/HP-Elitebook-840-i7-8565U-Graphics/dp/B08PKRR373/ref=sr_1_298?dchild=1&keywords=HP+Laptops&qid=1620033856&sr=8-298
"HP Spectre 13-ak0049tu 13.3-inch Laptop (8th Gen i7-8500Y/16GB/512GB SSD/Windows 10 Pro/Intel UHD Graphics 615 Graphics), Cognac Brown",,,,https://www.amazon.in/HP-13-ak0049tu-13-3-inch-i7-8500Y-Graphics/dp/B07RBTZ84N/ref=sr_1_299?dchild=1&keywords=HP+Laptops&qid=1620033856&sr=8-299
"HP Pavilion 13-an0046tu 2018 13.3-inch Laptop (Core i5-8265U/8GB/256GB/Windows 10 Home/Integrated Graphics), Mineral Silver",,,,https://www.amazon.in/HP-Pavilion-13-an0046tu-13-3-inch-Integrated/dp/B07K14CSWF/ref=sr_1_301?dchild=1&keywords=HP+Laptops&qid=1620033856&sr=8-301
"HP Chromebook x360 10th Gen Intel Core i3 14-inch Laptop (i3-10110U/4GB/64GB SSD/Chrome OS/Integrated Graphics, Mineral Silver), 14c-ca0004TUMicrosoft 365 Personal-One Year Subscription Included",,,,https://www.amazon.in/HP-Chromebook-14c-ca0004TUMicrosoft-Personal-One-Subscription/dp/B08WQ5MRLB/ref=sr_1_302?dchild=1&keywords=HP+Laptops&qid=1620033856&sr=8-302
"HP Elitebook 840 G6 14"" (35.56cms) Laptop (8th Gen Core i5-8265U/8GB/256GB SSD/Windows 10 Pro/Intel UHD 620 Graphics), Silver",,,,https://www.amazon.in/HP-Elitebook-840-G6-i5-8265U/dp/B088261QKK/ref=sr_1_303?dchild=1&keywords=HP+Laptops&qid=1620033856&sr=8-303
"(Renewed) HP Probook 6570b-i5-16 GB-512 GB 15.6-inch Laptop (3rd Gen Core i5/16GB/512GB SSD/Windows 7/Integrated Graphics), Copper",,,,https://www.amazon.in/HP-6570b-i5-16-GB-512-GB-Integrated/dp/B07PM6MN7S/ref=sr_1_304?dchild=1&keywords=HP+Laptops&qid=1620033856&sr=8-304
"HP 15-cs3019nr Pavilion 15.6-Inch Laptop, Intel Core i7 (Mineral Silver)",,,,https://www.amazon.in/HP-15-cs3019nr-Pavilion-15-6-Inch-Mineral/dp/B085B63QYR/ref=sr_1_306?dchild=1&keywords=HP+Laptops&qid=1620033860&sr=8-306
